{
  "last_scan": "2026-05-29T03:10:11.711270",
  "total_scanned": 0,
  "top_signals": [],
  "extreme_count": 0,
  "eur_rate": 0.8628635
}