{
  "last_scan": "2026-05-12T07:39:07.349195",
  "total_scanned": 0,
  "top_signals": [],
  "extreme_count": 0,
  "eur_rate": 0.85056001
}