{
  "last_scan": "2026-06-15T01:21:11.104048",
  "total_scanned": 0,
  "top_signals": [],
  "extreme_count": 0,
  "eur_rate": 0.86397583
}