{
  "last_scan": "2026-04-10T23:36:29.502240",
  "total_scanned": 0,
  "top_signals": [],
  "extreme_count": 0,
  "eur_rate": 0.85535004
}