{
  "last_scan": "2026-05-29T20:37:29.626584",
  "total_scanned": 0,
  "top_signals": [],
  "extreme_count": 0,
  "eur_rate": 0.8628635
}