{
  "last_scan": "2026-05-24T00:04:10.897533",
  "total_scanned": 0,
  "top_signals": [],
  "extreme_count": 0,
  "eur_rate": 0.861015
}