{
  "last_scan": "2026-05-30T20:32:56.087248",
  "total_scanned": 0,
  "top_signals": [],
  "extreme_count": 0,
  "eur_rate": 0.85917702
}