{
  "last_scan": "2026-06-04T15:48:18.068619",
  "total_scanned": 0,
  "top_signals": [],
  "extreme_count": 0,
  "eur_rate": 0.860165
}