{
  "last_scan": "2026-05-26T15:08:45.406401",
  "total_scanned": 0,
  "top_signals": [],
  "extreme_count": 0,
  "eur_rate": 0.8593388
}