{
  "last_scan": "2026-04-10T17:01:37.457092",
  "total_scanned": 0,
  "top_signals": [],
  "extreme_count": 0,
  "eur_rate": 0.85535004
}