{
  "last_scan": "2026-05-30T23:35:13.931846",
  "total_scanned": 0,
  "top_signals": [],
  "extreme_count": 0,
  "eur_rate": 0.8576404
}