{
  "last_scan": "2026-04-14T04:27:00.893888",
  "total_scanned": 0,
  "top_signals": [],
  "extreme_count": 0,
  "eur_rate": 0.85559814
}