{
  "last_scan": "2026-05-25T06:03:38.271296",
  "total_scanned": 0,
  "top_signals": [],
  "extreme_count": 0,
  "eur_rate": 0.86178554
}