{
  "last_scan": "2026-05-28T22:00:19.452414",
  "total_scanned": 0,
  "top_signals": [],
  "extreme_count": 0,
  "eur_rate": 0.85910822
}