{
  "last_scan": "2026-05-24T18:55:23.352770",
  "total_scanned": 0,
  "top_signals": [],
  "extreme_count": 0,
  "eur_rate": 0.86186618
}