{
  "last_scan": "2026-06-18T17:52:11.489812",
  "total_scanned": 0,
  "top_signals": [],
  "extreme_count": 0,
  "eur_rate": 0.86117747
}