{
  "last_scan": "2026-04-14T01:02:00.880176",
  "total_scanned": 0,
  "top_signals": [],
  "extreme_count": 0,
  "eur_rate": 0.85559814
}