{
  "last_scan": "2026-06-04T02:01:04.519542",
  "total_scanned": 0,
  "top_signals": [],
  "extreme_count": 0,
  "eur_rate": 0.860165
}