{
  "last_scan": "2026-05-17T10:23:16.474781",
  "total_scanned": 0,
  "top_signals": [],
  "extreme_count": 0,
  "eur_rate": 0.86023046
}