{
  "last_scan": "2026-05-12T12:43:01.841722",
  "total_scanned": 0,
  "top_signals": [],
  "extreme_count": 0,
  "eur_rate": 0.85056001
}