{
  "last_scan": "2026-06-13T09:03:46.033914",
  "total_scanned": 0,
  "top_signals": [],
  "extreme_count": 0,
  "eur_rate": 0.8640827
}