{
  "last_scan": "2026-06-07T10:55:58.357910",
  "total_scanned": 0,
  "top_signals": [],
  "extreme_count": 0,
  "eur_rate": 0.86794467
}