{
  "last_scan": "2026-05-28T06:01:58.853670",
  "total_scanned": 0,
  "top_signals": [],
  "extreme_count": 0,
  "eur_rate": 0.85910822
}