{
  "last_scan": "2026-05-18T06:24:47.961724",
  "total_scanned": 0,
  "top_signals": [],
  "extreme_count": 0,
  "eur_rate": 0.86021924
}