{
  "last_scan": "2026-05-23T23:57:23.187046",
  "total_scanned": 0,
  "top_signals": [],
  "extreme_count": 0,
  "eur_rate": 0.861015
}