{
  "last_scan": "2026-05-14T16:04:55.586150",
  "total_scanned": 0,
  "top_signals": [],
  "extreme_count": 0,
  "eur_rate": 0.85366256
}