{
  "last_scan": "2026-04-14T07:47:02.464476",
  "total_scanned": 0,
  "top_signals": [],
  "extreme_count": 0,
  "eur_rate": 0.85559814
}