{
  "last_scan": "2026-04-12T23:12:00.581119",
  "total_scanned": 0,
  "top_signals": [],
  "extreme_count": 0,
  "eur_rate": 0.85270392
}