{
  "last_scan": "2026-04-15T01:02:01.651531",
  "total_scanned": 0,
  "top_signals": [],
  "extreme_count": 0,
  "eur_rate": 0.85020205
}