{
  "last_scan": "2026-05-12T21:20:09.371001",
  "total_scanned": 0,
  "top_signals": [],
  "extreme_count": 0,
  "eur_rate": 0.85048245
}