{
  "last_scan": "2026-05-11T08:47:44.997101",
  "total_scanned": 0,
  "top_signals": [],
  "extreme_count": 0,
  "eur_rate": 0.84804048
}