{
  "last_scan": "2026-06-02T15:37:48.577421",
  "total_scanned": 0,
  "top_signals": [],
  "extreme_count": 0,
  "eur_rate": 0.85856963
}