{
  "last_scan": "2026-05-21T19:25:19.566470",
  "total_scanned": 0,
  "top_signals": [],
  "extreme_count": 0,
  "eur_rate": 0.86161096
}