{
  "last_scan": "2026-06-15T23:19:40.786428",
  "total_scanned": 0,
  "top_signals": [],
  "extreme_count": 0,
  "eur_rate": 0.86102489
}