{
  "last_scan": "2026-04-13T19:32:05.239940",
  "total_scanned": 0,
  "top_signals": [],
  "extreme_count": 0,
  "eur_rate": 0.85559814
}