{
  "last_scan": "2026-06-05T14:57:01.811524",
  "total_scanned": 0,
  "top_signals": [],
  "extreme_count": 0,
  "eur_rate": 0.86128188
}