{
  "last_scan": "2026-06-06T23:29:54.228561",
  "total_scanned": 0,
  "top_signals": [],
  "extreme_count": 0,
  "eur_rate": 0.86794467
}