{
  "last_scan": "2026-06-04T06:30:33.500731",
  "total_scanned": 0,
  "top_signals": [],
  "extreme_count": 0,
  "eur_rate": 0.860165
}