{
  "last_scan": "2026-05-15T13:34:26.731899",
  "total_scanned": 0,
  "top_signals": [],
  "extreme_count": 0,
  "eur_rate": 0.85822987
}