{
  "last_scan": "2026-05-12T12:26:06.455441",
  "total_scanned": 0,
  "top_signals": [],
  "extreme_count": 0,
  "eur_rate": 0.85048245
}