{
  "last_scan": "2026-06-05T22:50:43.995841",
  "total_scanned": 0,
  "top_signals": [],
  "extreme_count": 0,
  "eur_rate": 0.86096071
}