{
  "last_scan": "2026-06-09T23:46:39.786729",
  "total_scanned": 0,
  "top_signals": [],
  "extreme_count": 0,
  "eur_rate": 0.86671429
}