{
  "last_scan": "2026-06-14T04:05:38.821683",
  "total_scanned": 0,
  "top_signals": [],
  "extreme_count": 0,
  "eur_rate": 0.86453623
}