{
  "last_scan": "2026-05-29T19:57:25.721078",
  "total_scanned": 0,
  "top_signals": [],
  "extreme_count": 0,
  "eur_rate": 0.8628635
}