{
  "last_scan": "2026-05-22T22:23:16.027352",
  "total_scanned": 0,
  "top_signals": [],
  "extreme_count": 0,
  "eur_rate": 0.86054655
}