{
  "last_scan": "2026-05-11T02:59:42.320047",
  "total_scanned": 0,
  "top_signals": [],
  "extreme_count": 0,
  "eur_rate": 0.84804048
}