{
  "last_scan": "2026-04-13T13:12:02.820133",
  "total_scanned": 0,
  "top_signals": [],
  "extreme_count": 0,
  "eur_rate": 0.85270392
}