{
  "last_scan": "2026-05-19T09:08:48.586241",
  "total_scanned": 0,
  "top_signals": [],
  "extreme_count": 0,
  "eur_rate": 0.86061038
}