{
  "last_scan": "2026-05-11T04:46:21.670850",
  "total_scanned": 0,
  "top_signals": [],
  "extreme_count": 0,
  "eur_rate": 0.84804048
}