{
  "last_scan": "2026-05-27T20:54:52.279408",
  "total_scanned": 0,
  "top_signals": [],
  "extreme_count": 0,
  "eur_rate": 0.85952338
}