{
  "last_scan": "2026-06-03T03:24:41.630551",
  "total_scanned": 0,
  "top_signals": [],
  "extreme_count": 0,
  "eur_rate": 0.85932214
}