{
  "last_scan": "2026-06-04T22:50:06.050964",
  "total_scanned": 0,
  "top_signals": [],
  "extreme_count": 0,
  "eur_rate": 0.860165
}