{
  "last_scan": "2026-05-24T01:46:02.000576",
  "total_scanned": 0,
  "top_signals": [],
  "extreme_count": 0,
  "eur_rate": 0.86186618
}