{
  "last_scan": "2026-05-25T23:41:07.463452",
  "total_scanned": 0,
  "top_signals": [],
  "extreme_count": 0,
  "eur_rate": 0.8593388
}