{
  "last_scan": "2026-05-26T16:59:45.808149",
  "total_scanned": 0,
  "top_signals": [],
  "extreme_count": 0,
  "eur_rate": 0.8593388
}