{
  "last_scan": "2026-05-13T09:25:52.070774",
  "total_scanned": 0,
  "top_signals": [],
  "extreme_count": 0,
  "eur_rate": 0.85048245
}