{
  "last_scan": "2026-06-08T06:08:10.566291",
  "total_scanned": 0,
  "top_signals": [],
  "extreme_count": 0,
  "eur_rate": 0.86786441
}