{
  "last_scan": "2026-05-31T01:22:56.079505",
  "total_scanned": 0,
  "top_signals": [],
  "extreme_count": 0,
  "eur_rate": 0.8576404
}