{
  "last_scan": "2026-06-13T15:15:57.274172",
  "total_scanned": 0,
  "top_signals": [],
  "extreme_count": 0,
  "eur_rate": 0.8640827
}