{
  "last_scan": "2026-04-06T13:51:38.547157",
  "total_scanned": 0,
  "top_signals": [],
  "extreme_count": 0,
  "eur_rate": 0.86808405
}