{
  "last_scan": "2026-06-05T11:50:35.301903",
  "total_scanned": 0,
  "top_signals": [],
  "extreme_count": 0,
  "eur_rate": 0.86128188
}