{
  "last_scan": "2026-06-05T23:31:53.645488",
  "total_scanned": 0,
  "top_signals": [],
  "extreme_count": 0,
  "eur_rate": 0.86128188
}