{
  "last_scan": "2026-05-21T10:43:16.443079",
  "total_scanned": 0,
  "top_signals": [],
  "extreme_count": 0,
  "eur_rate": 0.86161096
}