{
  "last_scan": "2026-06-04T04:49:27.245857",
  "total_scanned": 0,
  "top_signals": [],
  "extreme_count": 0,
  "eur_rate": 0.860165
}