{
  "last_scan": "2026-05-18T05:23:44.828855",
  "total_scanned": 0,
  "top_signals": [],
  "extreme_count": 0,
  "eur_rate": 0.86021924
}