{
  "last_scan": "2026-06-18T08:39:20.643996",
  "total_scanned": 0,
  "top_signals": [],
  "extreme_count": 0,
  "eur_rate": 0.86117747
}