{
  "last_scan": "2026-05-27T22:44:34.332579",
  "total_scanned": 0,
  "top_signals": [],
  "extreme_count": 0,
  "eur_rate": 0.85910822
}