{
  "last_scan": "2026-06-07T08:24:22.067528",
  "total_scanned": 0,
  "top_signals": [],
  "extreme_count": 0,
  "eur_rate": 0.86794467
}