{
  "last_scan": "2026-05-11T08:31:01.582848",
  "total_scanned": 0,
  "top_signals": [],
  "extreme_count": 0,
  "eur_rate": 0.84804048
}