{
  "last_scan": "2026-05-23T21:46:48.075701",
  "total_scanned": 0,
  "top_signals": [],
  "extreme_count": 0,
  "eur_rate": 0.861015
}