{
  "last_scan": "2026-04-13T05:37:00.760959",
  "total_scanned": 0,
  "top_signals": [],
  "extreme_count": 0,
  "eur_rate": 0.85270392
}