{
  "last_scan": "2026-04-16T03:52:07.357359",
  "total_scanned": 0,
  "top_signals": [],
  "extreme_count": 0,
  "eur_rate": 0.84882006
}