{
  "last_scan": "2026-05-17T23:57:07.245384",
  "total_scanned": 0,
  "top_signals": [],
  "extreme_count": 0,
  "eur_rate": 0.86021924
}