{
  "last_scan": "2026-05-27T09:27:55.299859",
  "total_scanned": 0,
  "top_signals": [],
  "extreme_count": 0,
  "eur_rate": 0.85952338
}