{
  "last_scan": "2026-05-13T22:21:13.803298",
  "total_scanned": 0,
  "top_signals": [],
  "extreme_count": 0,
  "eur_rate": 0.85207835
}