{
  "last_scan": "2026-04-10T19:21:30.411598",
  "total_scanned": 0,
  "top_signals": [],
  "extreme_count": 0,
  "eur_rate": 0.85535004
}