{
  "last_scan": "2026-04-13T02:12:01.650213",
  "total_scanned": 0,
  "top_signals": [],
  "extreme_count": 0,
  "eur_rate": 0.85270392
}