{
  "last_scan": "2026-04-09T04:11:29.881219",
  "total_scanned": 0,
  "top_signals": [],
  "extreme_count": 0,
  "eur_rate": 0.85683685
}