{
  "last_scan": "2026-05-28T03:25:32.961335",
  "total_scanned": 0,
  "top_signals": [],
  "extreme_count": 0,
  "eur_rate": 0.85910822
}