{
  "last_scan": "2026-05-11T10:12:09.146749",
  "total_scanned": 0,
  "top_signals": [],
  "extreme_count": 0,
  "eur_rate": 0.85056001
}