{
  "last_scan": "2026-06-18T18:19:23.026214",
  "total_scanned": 0,
  "top_signals": [],
  "extreme_count": 0,
  "eur_rate": 0.86117747
}