{
  "last_scan": "2026-05-25T07:52:42.717476",
  "total_scanned": 0,
  "top_signals": [],
  "extreme_count": 0,
  "eur_rate": 0.86178554
}