{
  "last_scan": "2026-04-14T15:22:05.000955",
  "total_scanned": 0,
  "top_signals": [],
  "extreme_count": 0,
  "eur_rate": 0.85020205
}