{
  "last_scan": "2026-04-11T03:01:32.405541",
  "total_scanned": 0,
  "top_signals": [],
  "extreme_count": 0,
  "eur_rate": 0.85535004
}