{
  "last_scan": "2026-05-15T07:34:08.935895",
  "total_scanned": 0,
  "top_signals": [],
  "extreme_count": 0,
  "eur_rate": 0.85366256
}