{
  "last_scan": "2026-04-19T08:02:21.005348",
  "total_scanned": 0,
  "top_signals": [],
  "extreme_count": 0,
  "eur_rate": 0.84940406
}