{
  "last_scan": "2026-04-18T11:57:03.773440",
  "total_scanned": 0,
  "top_signals": [],
  "extreme_count": 0,
  "eur_rate": 0.84940406
}