{
  "last_scan": "2026-06-03T23:59:31.548976",
  "total_scanned": 0,
  "top_signals": [],
  "extreme_count": 0,
  "eur_rate": 0.860165
}