{
  "last_scan": "2026-05-17T08:14:07.394291",
  "total_scanned": 0,
  "top_signals": [],
  "extreme_count": 0,
  "eur_rate": 0.86023046
}