{
  "last_scan": "2026-06-13T07:21:06.601798",
  "total_scanned": 0,
  "top_signals": [],
  "extreme_count": 0,
  "eur_rate": 0.8640827
}