{
  "last_scan": "2026-04-10T05:11:29.692239",
  "total_scanned": 0,
  "top_signals": [],
  "extreme_count": 0,
  "eur_rate": 0.85751968
}