{
  "last_scan": "2026-06-05T09:13:28.804998",
  "total_scanned": 0,
  "top_signals": [],
  "extreme_count": 0,
  "eur_rate": 0.86128188
}