{
  "last_scan": "2026-04-19T06:52:02.342675",
  "total_scanned": 0,
  "top_signals": [],
  "extreme_count": 0,
  "eur_rate": 0.84940406
}