{
  "last_scan": "2026-04-13T05:57:06.932874",
  "total_scanned": 0,
  "top_signals": [],
  "extreme_count": 0,
  "eur_rate": 0.85270392
}