{
  "last_scan": "2026-05-12T11:49:35.566663",
  "total_scanned": 0,
  "top_signals": [],
  "extreme_count": 0,
  "eur_rate": 0.85048245
}