{
  "last_scan": "2026-05-25T18:54:24.868727",
  "total_scanned": 0,
  "top_signals": [],
  "extreme_count": 0,
  "eur_rate": 0.86178554
}