{
  "last_scan": "2026-06-11T19:49:29.978314",
  "total_scanned": 0,
  "top_signals": [],
  "extreme_count": 0,
  "eur_rate": 0.86592151
}