{
  "last_scan": "2026-06-04T23:24:00.507932",
  "total_scanned": 0,
  "top_signals": [],
  "extreme_count": 0,
  "eur_rate": 0.860165
}