{
  "last_scan": "2026-04-13T11:47:01.773309",
  "total_scanned": 0,
  "top_signals": [],
  "extreme_count": 0,
  "eur_rate": 0.85559814
}