{
  "last_scan": "2026-06-07T23:26:58.893712",
  "total_scanned": 0,
  "top_signals": [],
  "extreme_count": 0,
  "eur_rate": 0.86794467
}