{
  "last_scan": "2026-05-12T20:11:21.559391",
  "total_scanned": 0,
  "top_signals": [],
  "extreme_count": 0,
  "eur_rate": 0.85048245
}