{
  "last_scan": "2026-05-24T23:35:48.525778",
  "total_scanned": 0,
  "top_signals": [],
  "extreme_count": 0,
  "eur_rate": 0.86186618
}