{
  "last_scan": "2026-04-15T19:02:05.139294",
  "total_scanned": 0,
  "top_signals": [],
  "extreme_count": 0,
  "eur_rate": 0.84882006
}