{
  "last_scan": "2026-05-20T18:33:46.981982",
  "total_scanned": 0,
  "top_signals": [],
  "extreme_count": 0,
  "eur_rate": 0.85901509
}