{
  "last_scan": "2026-06-04T07:04:14.281326",
  "total_scanned": 0,
  "top_signals": [],
  "extreme_count": 0,
  "eur_rate": 0.860165
}