{
  "last_scan": "2026-05-29T06:04:55.078230",
  "total_scanned": 0,
  "top_signals": [],
  "extreme_count": 0,
  "eur_rate": 0.8628635
}