{
  "last_scan": "2026-05-27T19:11:30.606379",
  "total_scanned": 0,
  "top_signals": [],
  "extreme_count": 0,
  "eur_rate": 0.85910822
}