{
  "last_scan": "2026-06-04T07:38:02.212865",
  "total_scanned": 0,
  "top_signals": [],
  "extreme_count": 0,
  "eur_rate": 0.860165
}