{
  "last_scan": "2026-04-18T23:32:02.920807",
  "total_scanned": 0,
  "top_signals": [],
  "extreme_count": 0,
  "eur_rate": 0.84940406
}