{
  "last_scan": "2026-04-15T11:42:04.647407",
  "total_scanned": 0,
  "top_signals": [],
  "extreme_count": 0,
  "eur_rate": 0.84882006
}