{
  "last_scan": "2026-05-16T20:07:37.547003",
  "total_scanned": 0,
  "top_signals": [],
  "extreme_count": 0,
  "eur_rate": 0.86023046
}