{
  "last_scan": "2026-06-04T01:13:53.612583",
  "total_scanned": 0,
  "top_signals": [],
  "extreme_count": 0,
  "eur_rate": 0.860165
}