{
  "last_scan": "2026-05-16T21:29:14.749007",
  "total_scanned": 0,
  "top_signals": [],
  "extreme_count": 0,
  "eur_rate": 0.86023046
}