{
  "last_scan": "2026-05-23T19:44:19.789579",
  "total_scanned": 0,
  "top_signals": [],
  "extreme_count": 0,
  "eur_rate": 0.861015
}