{
  "last_scan": "2026-06-04T10:56:39.175470",
  "total_scanned": 0,
  "top_signals": [],
  "extreme_count": 0,
  "eur_rate": 0.860165
}