{
  "last_scan": "2026-05-24T13:19:35.854808",
  "total_scanned": 0,
  "top_signals": [],
  "extreme_count": 0,
  "eur_rate": 0.86186618
}