{
  "last_scan": "2026-05-15T04:20:25.470760",
  "total_scanned": 0,
  "top_signals": [],
  "extreme_count": 0,
  "eur_rate": 0.85366256
}