{
  "last_scan": "2026-05-13T05:28:10.061365",
  "total_scanned": 0,
  "top_signals": [],
  "extreme_count": 0,
  "eur_rate": 0.85048245
}