{
  "last_scan": "2026-05-14T02:44:37.882563",
  "total_scanned": 0,
  "top_signals": [],
  "extreme_count": 0,
  "eur_rate": 0.85207835
}