{
  "last_scan": "2026-05-20T02:12:09.729790",
  "total_scanned": 0,
  "top_signals": [],
  "extreme_count": 0,
  "eur_rate": 0.85901509
}