{
  "last_scan": "2026-05-20T17:04:37.652303",
  "total_scanned": 0,
  "top_signals": [],
  "extreme_count": 0,
  "eur_rate": 0.85901509
}