{
  "last_scan": "2026-06-01T13:17:59.219312",
  "total_scanned": 0,
  "top_signals": [],
  "extreme_count": 0,
  "eur_rate": 0.85765611
}