{
  "last_scan": "2026-05-23T09:16:38.314881",
  "total_scanned": 0,
  "top_signals": [],
  "extreme_count": 0,
  "eur_rate": 0.861015
}