{
  "last_scan": "2026-05-11T03:24:19.718945",
  "total_scanned": 0,
  "top_signals": [],
  "extreme_count": 0,
  "eur_rate": 0.84804048
}