{
  "last_scan": "2026-05-14T15:59:11.631504",
  "total_scanned": 0,
  "top_signals": [],
  "extreme_count": 0,
  "eur_rate": 0.85366256
}