{
  "last_scan": "2026-05-11T19:01:27.199158",
  "total_scanned": 0,
  "top_signals": [],
  "extreme_count": 0,
  "eur_rate": 0.85056001
}