{
  "last_scan": "2026-05-29T20:44:14.195731",
  "total_scanned": 0,
  "top_signals": [],
  "extreme_count": 0,
  "eur_rate": 0.8628635
}