{
  "last_scan": "2026-05-26T15:29:22.092968",
  "total_scanned": 0,
  "top_signals": [],
  "extreme_count": 0,
  "eur_rate": 0.8593388
}