{
  "last_scan": "2026-06-18T19:41:16.598950",
  "total_scanned": 0,
  "top_signals": [],
  "extreme_count": 0,
  "eur_rate": 0.8677517
}