{
  "last_scan": "2026-04-13T17:12:01.618355",
  "total_scanned": 0,
  "top_signals": [],
  "extreme_count": 0,
  "eur_rate": 0.85270392
}