{
  "last_scan": "2026-06-13T10:38:21.705988",
  "total_scanned": 0,
  "top_signals": [],
  "extreme_count": 0,
  "eur_rate": 0.8640827
}