{
  "last_scan": "2026-04-16T22:22:05.000601",
  "total_scanned": 0,
  "top_signals": [],
  "extreme_count": 0,
  "eur_rate": 0.84634017
}