{
  "last_scan": "2026-05-28T20:31:54.192026",
  "total_scanned": 0,
  "top_signals": [],
  "extreme_count": 0,
  "eur_rate": 0.85910822
}