{
  "last_scan": "2026-06-10T13:39:37.367579",
  "total_scanned": 0,
  "top_signals": [],
  "extreme_count": 0,
  "eur_rate": 0.86671429
}