{
  "last_scan": "2026-05-14T18:42:14.856457",
  "total_scanned": 0,
  "top_signals": [],
  "extreme_count": 0,
  "eur_rate": 0.85366256
}