{
  "last_scan": "2026-05-31T00:02:11.262145",
  "total_scanned": 0,
  "top_signals": [],
  "extreme_count": 0,
  "eur_rate": 0.85917702
}