{
  "last_scan": "2026-05-20T10:40:38.615816",
  "total_scanned": 0,
  "top_signals": [],
  "extreme_count": 0,
  "eur_rate": 0.85901509
}