{
  "last_scan": "2026-05-14T02:13:52.964020",
  "total_scanned": 0,
  "top_signals": [],
  "extreme_count": 0,
  "eur_rate": 0.85207835
}