{
  "last_scan": "2026-05-25T11:37:38.941533",
  "total_scanned": 0,
  "top_signals": [],
  "extreme_count": 0,
  "eur_rate": 0.86178554
}