{
  "last_scan": "2026-05-14T00:50:17.228237",
  "total_scanned": 0,
  "top_signals": [],
  "extreme_count": 0,
  "eur_rate": 0.85207835
}