{
  "last_scan": "2026-05-28T06:56:26.133408",
  "total_scanned": 0,
  "top_signals": [],
  "extreme_count": 0,
  "eur_rate": 0.85910822
}