{
  "last_scan": "2026-06-15T22:45:26.894855",
  "total_scanned": 0,
  "top_signals": [],
  "extreme_count": 0,
  "eur_rate": 0.86102489
}