{
  "last_scan": "2026-05-23T08:49:25.686533",
  "total_scanned": 0,
  "top_signals": [],
  "extreme_count": 0,
  "eur_rate": 0.861015
}