{
  "last_scan": "2026-06-17T01:33:54.591905",
  "total_scanned": 0,
  "top_signals": [],
  "extreme_count": 0,
  "eur_rate": 0.86350745
}