{
  "last_scan": "2026-06-06T13:04:11.004606",
  "total_scanned": 0,
  "top_signals": [],
  "extreme_count": 0,
  "eur_rate": 0.86096071
}