{
  "last_scan": "2026-06-14T09:30:30.206253",
  "total_scanned": 0,
  "top_signals": [],
  "extreme_count": 0,
  "eur_rate": 0.86453623
}