{
  "last_scan": "2026-06-17T02:22:01.800361",
  "total_scanned": 0,
  "top_signals": [],
  "extreme_count": 0,
  "eur_rate": 0.86350745
}