{
  "last_scan": "2026-06-10T21:42:55.317638",
  "total_scanned": 0,
  "top_signals": [],
  "extreme_count": 0,
  "eur_rate": 0.86671429
}