{
  "last_scan": "2026-04-18T10:02:02.382772",
  "total_scanned": 0,
  "top_signals": [],
  "extreme_count": 0,
  "eur_rate": 0.84918046
}