{
  "last_scan": "2026-06-08T04:33:40.446700",
  "total_scanned": 0,
  "top_signals": [],
  "extreme_count": 0,
  "eur_rate": 0.86786441
}