{
  "last_scan": "2026-04-17T02:11:59.917787",
  "total_scanned": 0,
  "top_signals": [],
  "extreme_count": 0,
  "eur_rate": 0.84634017
}