{
  "last_scan": "2026-06-15T15:37:06.293992",
  "total_scanned": 0,
  "top_signals": [],
  "extreme_count": 0,
  "eur_rate": 0.86397583
}