{
  "last_scan": "2026-06-03T00:36:12.088186",
  "total_scanned": 0,
  "top_signals": [],
  "extreme_count": 0,
  "eur_rate": 0.85932214
}