{
  "last_scan": "2026-06-05T19:04:08.102494",
  "total_scanned": 0,
  "top_signals": [],
  "extreme_count": 0,
  "eur_rate": 0.86096071
}