{
  "last_scan": "2026-05-15T07:45:21.082309",
  "total_scanned": 0,
  "top_signals": [],
  "extreme_count": 0,
  "eur_rate": 0.85366256
}