{
  "last_scan": "2026-04-13T17:27:03.060649",
  "total_scanned": 0,
  "top_signals": [],
  "extreme_count": 0,
  "eur_rate": 0.85559814
}