{
  "last_scan": "2026-04-18T20:37:07.518310",
  "total_scanned": 0,
  "top_signals": [],
  "extreme_count": 0,
  "eur_rate": 0.84940406
}