{
  "last_scan": "2026-05-12T17:52:41.749712",
  "total_scanned": 0,
  "top_signals": [],
  "extreme_count": 0,
  "eur_rate": 0.85056001
}