{
  "last_scan": "2026-06-07T00:03:34.375713",
  "total_scanned": 0,
  "top_signals": [],
  "extreme_count": 0,
  "eur_rate": 0.86096071
}