{
  "last_scan": "2026-06-12T23:41:51.917398",
  "total_scanned": 0,
  "top_signals": [],
  "extreme_count": 0,
  "eur_rate": 0.86599177
}