{
  "last_scan": "2026-06-03T09:29:30.143832",
  "total_scanned": 0,
  "top_signals": [],
  "extreme_count": 0,
  "eur_rate": 0.85932214
}