{
  "last_scan": "2026-05-15T08:02:21.702321",
  "total_scanned": 0,
  "top_signals": [],
  "extreme_count": 0,
  "eur_rate": 0.85366256
}