{
  "last_scan": "2026-05-23T04:37:47.303505",
  "total_scanned": 0,
  "top_signals": [],
  "extreme_count": 0,
  "eur_rate": 0.861015
}