{
  "last_scan": "2026-04-19T18:12:02.956075",
  "total_scanned": 0,
  "top_signals": [],
  "extreme_count": 0,
  "eur_rate": 0.84940406
}