{
  "last_scan": "2026-05-22T21:28:41.042451",
  "total_scanned": 0,
  "top_signals": [],
  "extreme_count": 0,
  "eur_rate": 0.86054655
}