{
  "last_scan": "2026-04-14T22:07:01.836631",
  "total_scanned": 0,
  "top_signals": [],
  "extreme_count": 0,
  "eur_rate": 0.85020205
}