{
  "last_scan": "2026-04-13T00:32:02.340151",
  "total_scanned": 0,
  "top_signals": [],
  "extreme_count": 0,
  "eur_rate": 0.85270392
}