{
  "last_scan": "2026-05-11T18:27:14.831506",
  "total_scanned": 0,
  "top_signals": [],
  "extreme_count": 0,
  "eur_rate": 0.85056001
}