{
  "last_scan": "2026-06-16T13:02:29.658807",
  "total_scanned": 0,
  "top_signals": [],
  "extreme_count": 0,
  "eur_rate": 0.86102489
}