{
  "last_scan": "2026-04-10T15:46:41.236421",
  "total_scanned": 0,
  "top_signals": [],
  "extreme_count": 0,
  "eur_rate": 0.85535004
}