{
  "last_scan": "2026-05-21T22:52:44.706693",
  "total_scanned": 0,
  "top_signals": [],
  "extreme_count": 0,
  "eur_rate": 0.86054655
}