{
  "last_scan": "2026-04-18T12:47:01.868457",
  "total_scanned": 0,
  "top_signals": [],
  "extreme_count": 0,
  "eur_rate": 0.84940406
}