{
  "last_scan": "2026-06-12T11:30:15.585993",
  "total_scanned": 0,
  "top_signals": [],
  "extreme_count": 0,
  "eur_rate": 0.86599177
}