{
  "last_scan": "2026-04-09T18:21:32.661762",
  "total_scanned": 0,
  "top_signals": [],
  "extreme_count": 0,
  "eur_rate": 0.85751968
}