{
  "last_scan": "2026-06-15T23:12:53.201947",
  "total_scanned": 0,
  "top_signals": [],
  "extreme_count": 0,
  "eur_rate": 0.86102489
}