{
  "last_scan": "2026-05-23T23:09:47.849073",
  "total_scanned": 0,
  "top_signals": [],
  "extreme_count": 0,
  "eur_rate": 0.86186618
}