{
  "last_scan": "2026-05-10T23:44:58.045584",
  "total_scanned": 0,
  "top_signals": [],
  "extreme_count": 0,
  "eur_rate": 0.84804048
}