{
  "last_scan": "2026-05-20T04:21:17.397335",
  "total_scanned": 0,
  "top_signals": [],
  "extreme_count": 0,
  "eur_rate": 0.85901509
}