{
  "last_scan": "2026-06-02T20:57:45.063191",
  "total_scanned": 0,
  "top_signals": [],
  "extreme_count": 0,
  "eur_rate": 0.85932214
}