{
  "last_scan": "2026-04-15T01:32:03.754959",
  "total_scanned": 0,
  "top_signals": [],
  "extreme_count": 0,
  "eur_rate": 0.85020205
}