{
  "last_scan": "2026-05-12T16:28:37.361358",
  "total_scanned": 0,
  "top_signals": [],
  "extreme_count": 0,
  "eur_rate": 0.85048245
}