{
  "last_scan": "2026-04-16T18:37:04.810946",
  "total_scanned": 0,
  "top_signals": [],
  "extreme_count": 0,
  "eur_rate": 0.84634017
}