{
  "last_scan": "2026-05-30T10:05:46.295065",
  "total_scanned": 0,
  "top_signals": [],
  "extreme_count": 0,
  "eur_rate": 0.85917702
}