{
  "last_scan": "2026-06-15T12:32:34.531029",
  "total_scanned": 0,
  "top_signals": [],
  "extreme_count": 0,
  "eur_rate": 0.86397583
}