{
  "last_scan": "2026-06-04T01:34:08.125952",
  "total_scanned": 0,
  "top_signals": [],
  "extreme_count": 0,
  "eur_rate": 0.860165
}