{
  "last_scan": "2026-05-14T10:05:33.895360",
  "total_scanned": 0,
  "top_signals": [],
  "extreme_count": 0,
  "eur_rate": 0.85207835
}