{
  "last_scan": "2026-05-11T19:55:18.255441",
  "total_scanned": 0,
  "top_signals": [],
  "extreme_count": 0,
  "eur_rate": 0.85056001
}