{
  "last_scan": "2026-06-18T13:06:46.202694",
  "total_scanned": 0,
  "top_signals": [],
  "extreme_count": 0,
  "eur_rate": 0.86117747
}