{
  "last_scan": "2026-06-04T05:29:49.443998",
  "total_scanned": 0,
  "top_signals": [],
  "extreme_count": 0,
  "eur_rate": 0.860165
}