{
  "last_scan": "2026-06-12T00:04:25.492693",
  "total_scanned": 0,
  "top_signals": [],
  "extreme_count": 0,
  "eur_rate": 0.86592151
}