{
  "last_scan": "2026-06-07T01:17:42.356928",
  "total_scanned": 0,
  "top_signals": [],
  "extreme_count": 0,
  "eur_rate": 0.86794467
}