{
  "last_scan": "2026-05-24T22:34:04.707400",
  "total_scanned": 0,
  "top_signals": [],
  "extreme_count": 0,
  "eur_rate": 0.86178554
}