{
  "last_scan": "2026-05-26T06:02:26.939425",
  "total_scanned": 0,
  "top_signals": [],
  "extreme_count": 0,
  "eur_rate": 0.8593388
}