{
  "last_scan": "2026-06-09T19:11:31.732838",
  "total_scanned": 0,
  "top_signals": [],
  "extreme_count": 0,
  "eur_rate": 0.86713482
}