{
  "last_scan": "2026-05-30T11:19:47.194865",
  "total_scanned": 0,
  "top_signals": [],
  "extreme_count": 0,
  "eur_rate": 0.85917702
}