{
  "last_scan": "2026-06-17T03:36:44.630498",
  "total_scanned": 0,
  "top_signals": [],
  "extreme_count": 0,
  "eur_rate": 0.86350745
}