{
  "last_scan": "2026-05-30T13:07:31.836939",
  "total_scanned": 0,
  "top_signals": [],
  "extreme_count": 0,
  "eur_rate": 0.85917702
}