{
  "last_scan": "2026-04-13T14:47:09.792478",
  "total_scanned": 0,
  "top_signals": [],
  "extreme_count": 0,
  "eur_rate": 0.85559814
}