{
  "last_scan": "2026-06-09T19:31:57.037651",
  "total_scanned": 0,
  "top_signals": [],
  "extreme_count": 0,
  "eur_rate": 0.86671429
}