{
  "last_scan": "2026-05-19T03:35:19.188563",
  "total_scanned": 0,
  "top_signals": [],
  "extreme_count": 0,
  "eur_rate": 0.86061038
}