{
  "last_scan": "2026-04-18T03:57:01.425440",
  "total_scanned": 0,
  "top_signals": [],
  "extreme_count": 0,
  "eur_rate": 0.84918046
}