{
  "last_scan": "2026-06-09T01:22:51.756655",
  "total_scanned": 0,
  "top_signals": [],
  "extreme_count": 0,
  "eur_rate": 0.86713482
}