{
  "last_scan": "2026-05-21T00:24:15.952734",
  "total_scanned": 0,
  "top_signals": [],
  "extreme_count": 0,
  "eur_rate": 0.86161096
}