{
  "last_scan": "2026-05-11T10:14:57.569892",
  "total_scanned": 0,
  "top_signals": [],
  "extreme_count": 0,
  "eur_rate": 0.85056001
}