{
  "last_scan": "2026-06-14T16:38:33.601203",
  "total_scanned": 0,
  "top_signals": [],
  "extreme_count": 0,
  "eur_rate": 0.86453623
}