{
  "last_scan": "2026-05-26T18:36:04.889914",
  "total_scanned": 0,
  "top_signals": [],
  "extreme_count": 0,
  "eur_rate": 0.85952338
}