{
  "last_scan": "2026-06-11T07:45:14.112810",
  "total_scanned": 0,
  "top_signals": [],
  "extreme_count": 0,
  "eur_rate": 0.86592151
}