{
  "last_scan": "2026-04-09T14:16:31.965634",
  "total_scanned": 0,
  "top_signals": [],
  "extreme_count": 0,
  "eur_rate": 0.85751968
}