{
  "last_scan": "2026-05-29T00:01:56.604095",
  "total_scanned": 0,
  "top_signals": [],
  "extreme_count": 0,
  "eur_rate": 0.85910822
}