{
  "last_scan": "2026-05-20T07:04:34.626053",
  "total_scanned": 0,
  "top_signals": [],
  "extreme_count": 0,
  "eur_rate": 0.85901509
}