{
  "last_scan": "2026-05-14T05:09:35.971849",
  "total_scanned": 0,
  "top_signals": [],
  "extreme_count": 0,
  "eur_rate": 0.85207835
}