{
  "last_scan": "2026-06-14T06:27:25.495196",
  "total_scanned": 0,
  "top_signals": [],
  "extreme_count": 0,
  "eur_rate": 0.86453623
}