{
  "last_scan": "2026-04-10T12:31:35.737456",
  "total_scanned": 0,
  "top_signals": [],
  "extreme_count": 0,
  "eur_rate": 0.85535004
}