{
  "last_scan": "2026-05-28T00:33:48.491296",
  "total_scanned": 0,
  "top_signals": [],
  "extreme_count": 0,
  "eur_rate": 0.85910822
}