{
  "last_scan": "2026-06-06T18:50:05.187606",
  "total_scanned": 0,
  "top_signals": [],
  "extreme_count": 0,
  "eur_rate": 0.86096071
}