{
  "last_scan": "2026-05-23T20:25:07.352000",
  "total_scanned": 0,
  "top_signals": [],
  "extreme_count": 0,
  "eur_rate": 0.861015
}