{
  "last_scan": "2026-05-11T15:12:05.521336",
  "total_scanned": 0,
  "top_signals": [],
  "extreme_count": 0,
  "eur_rate": 0.84804048
}