{
  "last_scan": "2026-06-07T17:16:12.570915",
  "total_scanned": 0,
  "top_signals": [],
  "extreme_count": 0,
  "eur_rate": 0.86794467
}