{
  "last_scan": "2026-06-01T12:10:02.339314",
  "total_scanned": 0,
  "top_signals": [],
  "extreme_count": 0,
  "eur_rate": 0.85765611
}