{
  "last_scan": "2026-06-04T13:22:08.089539",
  "total_scanned": 0,
  "top_signals": [],
  "extreme_count": 0,
  "eur_rate": 0.860165
}