{
  "last_scan": "2026-04-13T12:12:02.664430",
  "total_scanned": 0,
  "top_signals": [],
  "extreme_count": 0,
  "eur_rate": 0.85559814
}