{
  "last_scan": "2026-05-18T11:04:17.694900",
  "total_scanned": 0,
  "top_signals": [],
  "extreme_count": 0,
  "eur_rate": 0.86021924
}