{
  "last_scan": "2026-05-22T03:22:37.525665",
  "total_scanned": 0,
  "top_signals": [],
  "extreme_count": 0,
  "eur_rate": 0.86054655
}