{
  "last_scan": "2026-04-16T01:37:01.239552",
  "total_scanned": 0,
  "top_signals": [],
  "extreme_count": 0,
  "eur_rate": 0.84882006
}