{
  "last_scan": "2026-05-26T21:42:22.912897",
  "total_scanned": 0,
  "top_signals": [],
  "extreme_count": 0,
  "eur_rate": 0.8593388
}