{
  "last_scan": "2026-06-05T06:03:06.893488",
  "total_scanned": 0,
  "top_signals": [],
  "extreme_count": 0,
  "eur_rate": 0.86128188
}