{
  "last_scan": "2026-04-13T06:02:02.319907",
  "total_scanned": 0,
  "top_signals": [],
  "extreme_count": 0,
  "eur_rate": 0.85270392
}