{
  "last_scan": "2026-04-17T08:12:02.365322",
  "total_scanned": 0,
  "top_signals": [],
  "extreme_count": 0,
  "eur_rate": 0.84634017
}