{
  "last_scan": "2026-06-16T22:18:02.541303",
  "total_scanned": 0,
  "top_signals": [],
  "extreme_count": 0,
  "eur_rate": 0.86350745
}