{
  "last_scan": "2026-06-13T18:25:26.748937",
  "total_scanned": 0,
  "top_signals": [],
  "extreme_count": 0,
  "eur_rate": 0.86453623
}