{
  "last_scan": "2026-05-25T04:55:40.010401",
  "total_scanned": 0,
  "top_signals": [],
  "extreme_count": 0,
  "eur_rate": 0.86178554
}