{
  "last_scan": "2026-04-18T23:57:00.016467",
  "total_scanned": 0,
  "top_signals": [],
  "extreme_count": 0,
  "eur_rate": 0.84940406
}