{
  "last_scan": "2026-06-14T08:42:26.728360",
  "total_scanned": 0,
  "top_signals": [],
  "extreme_count": 0,
  "eur_rate": 0.86453623
}