{
  "last_scan": "2026-05-24T02:06:23.873275",
  "total_scanned": 0,
  "top_signals": [],
  "extreme_count": 0,
  "eur_rate": 0.86186618
}