{
  "last_scan": "2026-04-15T23:37:03.519311",
  "total_scanned": 0,
  "top_signals": [],
  "extreme_count": 0,
  "eur_rate": 0.84882006
}