{
  "last_scan": "2026-05-24T14:28:33.428459",
  "total_scanned": 0,
  "top_signals": [],
  "extreme_count": 0,
  "eur_rate": 0.86186618
}