{
  "last_scan": "2026-06-18T10:44:01.006876",
  "total_scanned": 0,
  "top_signals": [],
  "extreme_count": 0,
  "eur_rate": 0.86117747
}