{
  "last_scan": "2026-05-22T20:54:29.527821",
  "total_scanned": 0,
  "top_signals": [],
  "extreme_count": 0,
  "eur_rate": 0.86054655
}