{
  "last_scan": "2026-06-12T21:59:47.311085",
  "total_scanned": 0,
  "top_signals": [],
  "extreme_count": 0,
  "eur_rate": 0.86599177
}