{
  "last_scan": "2026-05-23T04:17:26.724573",
  "total_scanned": 0,
  "top_signals": [],
  "extreme_count": 0,
  "eur_rate": 0.861015
}