{
  "last_scan": "2026-05-27T00:00:54.891388",
  "total_scanned": 0,
  "top_signals": [],
  "extreme_count": 0,
  "eur_rate": 0.8593388
}