{
  "last_scan": "2026-06-03T01:23:21.061069",
  "total_scanned": 0,
  "top_signals": [],
  "extreme_count": 0,
  "eur_rate": 0.85932214
}