{
  "last_scan": "2026-06-01T06:20:56.448299",
  "total_scanned": 0,
  "top_signals": [],
  "extreme_count": 0,
  "eur_rate": 0.85765611
}