{
  "last_scan": "2026-05-30T17:10:26.139852",
  "total_scanned": 0,
  "top_signals": [],
  "extreme_count": 0,
  "eur_rate": 0.85917702
}