{
  "last_scan": "2026-05-13T03:19:26.964994",
  "total_scanned": 0,
  "top_signals": [],
  "extreme_count": 0,
  "eur_rate": 0.85048245
}