{
  "last_scan": "2026-05-30T00:00:38.169680",
  "total_scanned": 0,
  "top_signals": [],
  "extreme_count": 0,
  "eur_rate": 0.8628635
}