{
  "last_scan": "2026-06-06T13:24:26.674732",
  "total_scanned": 0,
  "top_signals": [],
  "extreme_count": 0,
  "eur_rate": 0.86096071
}