{
  "last_scan": "2026-06-17T16:29:37.425755",
  "total_scanned": 0,
  "top_signals": [],
  "extreme_count": 0,
  "eur_rate": 0.86350745
}