{
  "last_scan": "2026-05-23T13:15:47.186453",
  "total_scanned": 0,
  "top_signals": [],
  "extreme_count": 0,
  "eur_rate": 0.861015
}