{
  "last_scan": "2026-05-22T18:30:34.893763",
  "total_scanned": 0,
  "top_signals": [],
  "extreme_count": 0,
  "eur_rate": 0.861015
}