{
  "last_scan": "2026-06-01T19:32:29.125345",
  "total_scanned": 0,
  "top_signals": [],
  "extreme_count": 0,
  "eur_rate": 0.85765611
}