{
  "last_scan": "2026-04-16T21:17:02.719400",
  "total_scanned": 0,
  "top_signals": [],
  "extreme_count": 0,
  "eur_rate": 0.84634017
}