{
  "last_scan": "2026-05-24T19:09:02.145833",
  "total_scanned": 0,
  "top_signals": [],
  "extreme_count": 0,
  "eur_rate": 0.86186618
}