{
  "last_scan": "2026-05-24T00:44:56.997075",
  "total_scanned": 0,
  "top_signals": [],
  "extreme_count": 0,
  "eur_rate": 0.86186618
}