{
  "last_scan": "2026-05-25T21:38:20.199367",
  "total_scanned": 0,
  "top_signals": [],
  "extreme_count": 0,
  "eur_rate": 0.8593388
}