{
  "last_scan": "2026-06-01T15:27:03.560082",
  "total_scanned": 0,
  "top_signals": [],
  "extreme_count": 0,
  "eur_rate": 0.85765611
}