{
  "last_scan": "2026-05-18T21:41:01.526904",
  "total_scanned": 0,
  "top_signals": [],
  "extreme_count": 0,
  "eur_rate": 0.86061038
}