{
  "last_scan": "2026-06-13T10:58:37.152777",
  "total_scanned": 0,
  "top_signals": [],
  "extreme_count": 0,
  "eur_rate": 0.8640827
}