{
  "last_scan": "2026-05-18T20:05:09.104460",
  "total_scanned": 0,
  "top_signals": [],
  "extreme_count": 0,
  "eur_rate": 0.86061038
}