{
  "last_scan": "2026-04-16T19:37:10.026675",
  "total_scanned": 0,
  "top_signals": [],
  "extreme_count": 0,
  "eur_rate": 0.84634017
}