{
  "last_scan": "2026-05-29T21:45:02.492146",
  "total_scanned": 0,
  "top_signals": [],
  "extreme_count": 0,
  "eur_rate": 0.85917702
}