{
  "last_scan": "2026-05-30T18:24:31.439065",
  "total_scanned": 0,
  "top_signals": [],
  "extreme_count": 0,
  "eur_rate": 0.8576404
}