{
  "last_scan": "2026-06-07T21:07:42.244518",
  "total_scanned": 0,
  "top_signals": [],
  "extreme_count": 0,
  "eur_rate": 0.86794467
}