{
  "last_scan": "2026-04-11T18:21:33.517966",
  "total_scanned": 0,
  "top_signals": [],
  "extreme_count": 0,
  "eur_rate": 0.85270392
}