{
  "last_scan": "2026-05-24T22:54:40.143303",
  "total_scanned": 0,
  "top_signals": [],
  "extreme_count": 0,
  "eur_rate": 0.86178554
}