{
  "last_scan": "2026-04-11T10:11:34.967024",
  "total_scanned": 0,
  "top_signals": [],
  "extreme_count": 0,
  "eur_rate": 0.85535004
}