{
  "last_scan": "2026-05-14T20:07:34.090685",
  "total_scanned": 0,
  "top_signals": [],
  "extreme_count": 0,
  "eur_rate": 0.85366256
}