{
  "last_scan": "2026-05-21T09:07:39.547288",
  "total_scanned": 0,
  "top_signals": [],
  "extreme_count": 0,
  "eur_rate": 0.86161096
}