{
  "last_scan": "2026-05-23T14:51:03.027575",
  "total_scanned": 0,
  "top_signals": [],
  "extreme_count": 0,
  "eur_rate": 0.861015
}