{
  "last_scan": "2026-04-10T14:01:44.390342",
  "total_scanned": 0,
  "top_signals": [],
  "extreme_count": 0,
  "eur_rate": 0.85535004
}