{
  "last_scan": "2026-05-26T01:16:43.894303",
  "total_scanned": 0,
  "top_signals": [],
  "extreme_count": 0,
  "eur_rate": 0.8593388
}