{
  "last_scan": "2026-06-12T03:06:54.491370",
  "total_scanned": 0,
  "top_signals": [],
  "extreme_count": 0,
  "eur_rate": 0.86599177
}