{
  "last_scan": "2026-05-11T11:56:13.532500",
  "total_scanned": 0,
  "top_signals": [],
  "extreme_count": 0,
  "eur_rate": 0.84804048
}