{
  "last_scan": "2026-04-10T02:46:28.117964",
  "total_scanned": 0,
  "top_signals": [],
  "extreme_count": 0,
  "eur_rate": 0.85751968
}