{
  "last_scan": "2026-04-10T12:21:29.986143",
  "total_scanned": 0,
  "top_signals": [],
  "extreme_count": 0,
  "eur_rate": 0.85751968
}