{
  "last_scan": "2026-05-23T21:19:34.365445",
  "total_scanned": 0,
  "top_signals": [],
  "extreme_count": 0,
  "eur_rate": 0.861015
}