{
  "last_scan": "2026-05-30T20:19:18.978718",
  "total_scanned": 0,
  "top_signals": [],
  "extreme_count": 0,
  "eur_rate": 0.8576404
}