{
  "last_scan": "2026-04-15T10:27:02.815286",
  "total_scanned": 0,
  "top_signals": [],
  "extreme_count": 0,
  "eur_rate": 0.85020205
}