{
  "last_scan": "2026-04-10T20:11:34.017464",
  "total_scanned": 0,
  "top_signals": [],
  "extreme_count": 0,
  "eur_rate": 0.85535004
}