{
  "last_scan": "2026-06-15T21:23:03.849503",
  "total_scanned": 0,
  "top_signals": [],
  "extreme_count": 0,
  "eur_rate": 0.86102489
}