{
  "last_scan": "2026-05-28T10:21:40.910892",
  "total_scanned": 0,
  "top_signals": [],
  "extreme_count": 0,
  "eur_rate": 0.85910822
}