{
  "last_scan": "2026-06-05T00:06:05.627992",
  "total_scanned": 0,
  "top_signals": [],
  "extreme_count": 0,
  "eur_rate": 0.86128188
}