{
  "last_scan": "2026-05-28T05:21:08.978273",
  "total_scanned": 0,
  "top_signals": [],
  "extreme_count": 0,
  "eur_rate": 0.85910822
}