{
  "last_scan": "2026-06-16T17:30:48.837541",
  "total_scanned": 0,
  "top_signals": [],
  "extreme_count": 0,
  "eur_rate": 0.86102489
}