{
  "last_scan": "2026-05-19T06:59:11.374579",
  "total_scanned": 0,
  "top_signals": [],
  "extreme_count": 0,
  "eur_rate": 0.86061038
}