{
  "last_scan": "2026-04-15T00:07:03.749890",
  "total_scanned": 0,
  "top_signals": [],
  "extreme_count": 0,
  "eur_rate": 0.85020205
}