{
  "last_scan": "2026-05-31T21:14:40.901416",
  "total_scanned": 0,
  "top_signals": [],
  "extreme_count": 0,
  "eur_rate": 0.85765611
}