{
  "last_scan": "2026-04-16T10:37:02.263471",
  "total_scanned": 0,
  "top_signals": [],
  "extreme_count": 0,
  "eur_rate": 0.84882006
}