{
  "last_scan": "2026-05-21T19:04:23.389374",
  "total_scanned": 0,
  "top_signals": [],
  "extreme_count": 0,
  "eur_rate": 0.86161096
}