{
  "last_scan": "2026-06-18T06:04:06.998791",
  "total_scanned": 0,
  "top_signals": [],
  "extreme_count": 0,
  "eur_rate": 0.86117747
}