{
  "last_scan": "2026-06-05T16:33:21.717426",
  "total_scanned": 0,
  "top_signals": [],
  "extreme_count": 0,
  "eur_rate": 0.86128188
}