{
  "last_scan": "2026-06-13T21:15:05.349625",
  "total_scanned": 0,
  "top_signals": [],
  "extreme_count": 0,
  "eur_rate": 0.86453623
}