{
  "last_scan": "2026-04-16T13:17:03.474324",
  "total_scanned": 0,
  "top_signals": [],
  "extreme_count": 0,
  "eur_rate": 0.84634017
}