{
  "last_scan": "2026-04-10T04:16:29.122502",
  "total_scanned": 0,
  "top_signals": [],
  "extreme_count": 0,
  "eur_rate": 0.85751968
}