{
  "last_scan": "2026-05-29T05:51:29.419942",
  "total_scanned": 0,
  "top_signals": [],
  "extreme_count": 0,
  "eur_rate": 0.8628635
}