{
  "last_scan": "2026-05-20T20:57:59.574172",
  "total_scanned": 0,
  "top_signals": [],
  "extreme_count": 0,
  "eur_rate": 0.85901509
}