{
  "last_scan": "2026-06-07T02:38:29.117899",
  "total_scanned": 0,
  "top_signals": [],
  "extreme_count": 0,
  "eur_rate": 0.86794467
}