{
  "last_scan": "2026-05-13T23:11:55.459025",
  "total_scanned": 0,
  "top_signals": [],
  "extreme_count": 0,
  "eur_rate": 0.85207835
}