{
  "last_scan": "2026-05-12T07:47:28.757777",
  "total_scanned": 0,
  "top_signals": [],
  "extreme_count": 0,
  "eur_rate": 0.85056001
}