{
  "last_scan": "2026-06-14T21:24:35.100510",
  "total_scanned": 0,
  "top_signals": [],
  "extreme_count": 0,
  "eur_rate": 0.86397583
}