{
  "last_scan": "2026-05-18T15:44:27.289599",
  "total_scanned": 0,
  "top_signals": [],
  "extreme_count": 0,
  "eur_rate": 0.86061038
}