{
  "last_scan": "2026-06-16T02:58:39.486723",
  "total_scanned": 0,
  "top_signals": [],
  "extreme_count": 0,
  "eur_rate": 0.86102489
}