{
  "last_scan": "2026-04-11T01:56:33.245751",
  "total_scanned": 0,
  "top_signals": [],
  "extreme_count": 0,
  "eur_rate": 0.85535004
}