{
  "last_scan": "2026-04-10T21:36:33.736601",
  "total_scanned": 0,
  "top_signals": [],
  "extreme_count": 0,
  "eur_rate": 0.85535004
}