{
  "last_scan": "2026-05-26T11:22:57.641688",
  "total_scanned": 0,
  "top_signals": [],
  "extreme_count": 0,
  "eur_rate": 0.8593388
}