{
  "last_scan": "2026-06-13T00:02:13.655964",
  "total_scanned": 0,
  "top_signals": [],
  "extreme_count": 0,
  "eur_rate": 0.86599177
}