{
  "last_scan": "2026-06-18T15:00:24.801634",
  "total_scanned": 0,
  "top_signals": [],
  "extreme_count": 0,
  "eur_rate": 0.86117747
}