{
  "last_scan": "2026-05-23T05:11:42.493813",
  "total_scanned": 0,
  "top_signals": [],
  "extreme_count": 0,
  "eur_rate": 0.861015
}