{
  "last_scan": "2026-04-13T20:07:03.251636",
  "total_scanned": 0,
  "top_signals": [],
  "extreme_count": 0,
  "eur_rate": 0.85559814
}