{
  "last_scan": "2026-05-12T17:31:41.589876",
  "total_scanned": 0,
  "top_signals": [],
  "extreme_count": 0,
  "eur_rate": 0.85048245
}