{
  "last_scan": "2026-06-11T23:23:41.204704",
  "total_scanned": 0,
  "top_signals": [],
  "extreme_count": 0,
  "eur_rate": 0.86592151
}