{
  "last_scan": "2026-04-09T02:56:31.348921",
  "total_scanned": 0,
  "top_signals": [],
  "extreme_count": 0,
  "eur_rate": 0.85683685
}