{
  "last_scan": "2026-06-03T14:43:40.037846",
  "total_scanned": 0,
  "top_signals": [],
  "extreme_count": 0,
  "eur_rate": 0.85932214
}