{
  "last_scan": "2026-06-04T06:03:28.935506",
  "total_scanned": 0,
  "top_signals": [],
  "extreme_count": 0,
  "eur_rate": 0.860165
}