{
  "last_scan": "2026-06-06T19:57:41.285057",
  "total_scanned": 0,
  "top_signals": [],
  "extreme_count": 0,
  "eur_rate": 0.86794467
}