{
  "last_scan": "2026-05-27T23:25:37.485560",
  "total_scanned": 0,
  "top_signals": [],
  "extreme_count": 0,
  "eur_rate": 0.85952338
}