{
  "last_scan": "2026-05-19T00:24:50.132844",
  "total_scanned": 0,
  "top_signals": [],
  "extreme_count": 0,
  "eur_rate": 0.86061038
}