{
  "last_scan": "2026-06-09T23:26:23.644404",
  "total_scanned": 0,
  "top_signals": [],
  "extreme_count": 0,
  "eur_rate": 0.86671429
}