{
  "last_scan": "2026-04-15T17:27:02.937012",
  "total_scanned": 0,
  "top_signals": [],
  "extreme_count": 0,
  "eur_rate": 0.84882006
}