{
  "last_scan": "2026-05-25T17:59:47.114706",
  "total_scanned": 0,
  "top_signals": [],
  "extreme_count": 0,
  "eur_rate": 0.8593388
}