{
  "last_scan": "2026-06-08T03:26:15.904886",
  "total_scanned": 0,
  "top_signals": [],
  "extreme_count": 0,
  "eur_rate": 0.86786441
}