{
  "last_scan": "2026-04-16T02:27:03.149246",
  "total_scanned": 0,
  "top_signals": [],
  "extreme_count": 0,
  "eur_rate": 0.84882006
}