{
  "last_scan": "2026-04-11T08:11:33.565274",
  "total_scanned": 0,
  "top_signals": [],
  "extreme_count": 0,
  "eur_rate": 0.85535004
}