{
  "last_scan": "2026-06-15T19:20:03.315644",
  "total_scanned": 0,
  "top_signals": [],
  "extreme_count": 0,
  "eur_rate": 0.86102489
}