{
  "last_scan": "2026-06-18T07:45:21.741673",
  "total_scanned": 0,
  "top_signals": [],
  "extreme_count": 0,
  "eur_rate": 0.86117747
}