{
  "last_scan": "2026-06-16T21:43:32.150304",
  "total_scanned": 0,
  "top_signals": [],
  "extreme_count": 0,
  "eur_rate": 0.86350745
}