{
  "last_scan": "2026-05-22T11:19:02.154467",
  "total_scanned": 0,
  "top_signals": [],
  "extreme_count": 0,
  "eur_rate": 0.86054655
}