{
  "last_scan": "2026-05-23T17:00:36.327315",
  "total_scanned": 0,
  "top_signals": [],
  "extreme_count": 0,
  "eur_rate": 0.861015
}