{
  "last_scan": "2026-05-12T21:22:59.811112",
  "total_scanned": 0,
  "top_signals": [],
  "extreme_count": 0,
  "eur_rate": 0.85048245
}