{
  "last_scan": "2026-05-26T02:31:39.856492",
  "total_scanned": 0,
  "top_signals": [],
  "extreme_count": 0,
  "eur_rate": 0.8593388
}