{
  "last_scan": "2026-05-30T00:20:51.189144",
  "total_scanned": 0,
  "top_signals": [],
  "extreme_count": 0,
  "eur_rate": 0.85917702
}