{
  "last_scan": "2026-04-14T16:42:02.618533",
  "total_scanned": 0,
  "top_signals": [],
  "extreme_count": 0,
  "eur_rate": 0.85020205
}