{
  "last_scan": "2026-05-18T10:50:39.554785",
  "total_scanned": 0,
  "top_signals": [],
  "extreme_count": 0,
  "eur_rate": 0.86021924
}