{
  "last_scan": "2026-05-23T04:24:13.033808",
  "total_scanned": 0,
  "top_signals": [],
  "extreme_count": 0,
  "eur_rate": 0.861015
}