{
  "last_scan": "2026-05-29T14:11:48.596041",
  "total_scanned": 0,
  "top_signals": [],
  "extreme_count": 0,
  "eur_rate": 0.8628635
}