{
  "last_scan": "2026-05-14T14:42:27.284447",
  "total_scanned": 0,
  "top_signals": [],
  "extreme_count": 0,
  "eur_rate": 0.85366256
}