{
  "last_scan": "2026-06-15T22:25:00.700140",
  "total_scanned": 0,
  "top_signals": [],
  "extreme_count": 0,
  "eur_rate": 0.86102489
}