{
  "last_scan": "2026-06-07T20:26:34.306050",
  "total_scanned": 0,
  "top_signals": [],
  "extreme_count": 0,
  "eur_rate": 0.86794467
}