{
  "last_scan": "2026-06-09T09:36:56.543162",
  "total_scanned": 0,
  "top_signals": [],
  "extreme_count": 0,
  "eur_rate": 0.86713482
}