{
  "last_scan": "2026-04-09T05:41:30.869514",
  "total_scanned": 0,
  "top_signals": [],
  "extreme_count": 0,
  "eur_rate": 0.85751968
}