{
  "last_scan": "2026-06-10T14:49:13.615428",
  "total_scanned": 0,
  "top_signals": [],
  "extreme_count": 0,
  "eur_rate": 0.86671429
}