{
  "last_scan": "2026-04-15T02:42:00.291564",
  "total_scanned": 0,
  "top_signals": [],
  "extreme_count": 0,
  "eur_rate": 0.85020205
}