{
  "last_scan": "2026-04-18T15:17:06.336095",
  "total_scanned": 0,
  "top_signals": [],
  "extreme_count": 0,
  "eur_rate": 0.84918046
}