{
  "last_scan": "2026-05-22T22:57:20.715411",
  "total_scanned": 0,
  "top_signals": [],
  "extreme_count": 0,
  "eur_rate": 0.861015
}