{
  "last_scan": "2026-06-07T11:16:35.858759",
  "total_scanned": 0,
  "top_signals": [],
  "extreme_count": 0,
  "eur_rate": 0.86794467
}