{
  "last_scan": "2026-05-25T14:48:28.869044",
  "total_scanned": 0,
  "top_signals": [],
  "extreme_count": 0,
  "eur_rate": 0.86178554
}