{
  "last_scan": "2026-05-30T22:54:42.630707",
  "total_scanned": 0,
  "top_signals": [],
  "extreme_count": 0,
  "eur_rate": 0.85917702
}