{
  "last_scan": "2026-06-07T13:04:39.760516",
  "total_scanned": 0,
  "top_signals": [],
  "extreme_count": 0,
  "eur_rate": 0.86794467
}