{
  "last_scan": "2026-04-15T14:15:08.452906",
  "total_scanned": 0,
  "top_signals": [],
  "extreme_count": 0,
  "eur_rate": 0.85020205
}