{
  "last_scan": "2026-04-14T23:47:09.962635",
  "total_scanned": 0,
  "top_signals": [],
  "extreme_count": 0,
  "eur_rate": 0.85020205
}