{
  "last_scan": "2026-06-04T03:15:07.572485",
  "total_scanned": 0,
  "top_signals": [],
  "extreme_count": 0,
  "eur_rate": 0.860165
}