{
  "last_scan": "2026-04-15T06:52:34.836226",
  "total_scanned": 0,
  "top_signals": [],
  "extreme_count": 0,
  "eur_rate": 0.85020205
}