{
  "last_scan": "2026-04-15T18:47:05.148212",
  "total_scanned": 0,
  "top_signals": [],
  "extreme_count": 0,
  "eur_rate": 0.84882006
}