{
  "last_scan": "2026-05-10T16:20:29.456203",
  "total_scanned": 0,
  "top_signals": [],
  "extreme_count": 0,
  "eur_rate": 0.84804048
}