{
  "last_scan": "2026-04-16T14:02:06.161173",
  "total_scanned": 0,
  "top_signals": [],
  "extreme_count": 0,
  "eur_rate": 0.84634017
}