{
  "last_scan": "2026-04-17T02:37:00.845139",
  "total_scanned": 0,
  "top_signals": [],
  "extreme_count": 0,
  "eur_rate": 0.84634017
}