{
  "last_scan": "2026-06-12T18:44:41.513383",
  "total_scanned": 0,
  "top_signals": [],
  "extreme_count": 0,
  "eur_rate": 0.8640827
}