{
  "last_scan": "2026-04-10T07:40:17.448799",
  "total_scanned": 0,
  "top_signals": [],
  "extreme_count": 0,
  "eur_rate": 0.85751968
}