{
  "last_scan": "2026-04-13T01:52:03.126377",
  "total_scanned": 0,
  "top_signals": [],
  "extreme_count": 0,
  "eur_rate": 0.85270392
}