{
  "last_scan": "2026-04-17T06:52:03.942713",
  "total_scanned": 0,
  "top_signals": [],
  "extreme_count": 0,
  "eur_rate": 0.84634017
}