{
  "last_scan": "2026-06-16T22:38:23.937175",
  "total_scanned": 0,
  "top_signals": [],
  "extreme_count": 0,
  "eur_rate": 0.86350745
}