{
  "last_scan": "2026-05-29T19:30:26.214688",
  "total_scanned": 0,
  "top_signals": [],
  "extreme_count": 0,
  "eur_rate": 0.8628635
}