{
  "last_scan": "2026-04-18T14:27:00.737255",
  "total_scanned": 0,
  "top_signals": [],
  "extreme_count": 0,
  "eur_rate": 0.84940406
}