{
  "last_scan": "2026-05-10T20:21:57.203605",
  "total_scanned": 0,
  "top_signals": [],
  "extreme_count": 0,
  "eur_rate": 0.84804048
}