{
  "last_scan": "2026-06-09T18:16:35.727396",
  "total_scanned": 0,
  "top_signals": [],
  "extreme_count": 0,
  "eur_rate": 0.86671429
}