{
  "last_scan": "2026-06-16T21:16:15.118962",
  "total_scanned": 0,
  "top_signals": [],
  "extreme_count": 0,
  "eur_rate": 0.86350745
}