{
  "last_scan": "2026-04-14T09:57:01.848653",
  "total_scanned": 0,
  "top_signals": [],
  "extreme_count": 0,
  "eur_rate": 0.85559814
}