{
  "last_scan": "2026-06-12T20:15:42.368967",
  "total_scanned": 0,
  "top_signals": [],
  "extreme_count": 0,
  "eur_rate": 0.8640827
}