{
  "last_scan": "2026-06-01T23:58:16.782327",
  "total_scanned": 0,
  "top_signals": [],
  "extreme_count": 0,
  "eur_rate": 0.85856963
}