{
  "last_scan": "2026-06-12T00:11:13.226049",
  "total_scanned": 0,
  "top_signals": [],
  "extreme_count": 0,
  "eur_rate": 0.86599177
}