{
  "last_scan": "2026-06-06T15:12:27.914634",
  "total_scanned": 0,
  "top_signals": [],
  "extreme_count": 0,
  "eur_rate": 0.86096071
}