{
  "last_scan": "2026-05-18T13:27:39.739405",
  "total_scanned": 0,
  "top_signals": [],
  "extreme_count": 0,
  "eur_rate": 0.86061038
}