{
  "last_scan": "2026-05-17T18:21:55.927851",
  "total_scanned": 0,
  "top_signals": [],
  "extreme_count": 0,
  "eur_rate": 0.86021924
}