{
  "last_scan": "2026-05-12T18:51:59.059280",
  "total_scanned": 0,
  "top_signals": [],
  "extreme_count": 0,
  "eur_rate": 0.85048245
}