{
  "last_scan": "2026-06-15T06:38:56.463087",
  "total_scanned": 0,
  "top_signals": [],
  "extreme_count": 0,
  "eur_rate": 0.86397583
}