{
  "last_scan": "2026-04-09T16:21:30.250269",
  "total_scanned": 0,
  "top_signals": [],
  "extreme_count": 0,
  "eur_rate": 0.85751968
}