{
  "last_scan": "2026-06-13T13:47:35.011508",
  "total_scanned": 0,
  "top_signals": [],
  "extreme_count": 0,
  "eur_rate": 0.8640827
}