{
  "last_scan": "2026-04-10T14:46:37.159921",
  "total_scanned": 0,
  "top_signals": [],
  "extreme_count": 0,
  "eur_rate": 0.85751968
}