{
  "last_scan": "2026-05-30T16:23:16.029753",
  "total_scanned": 0,
  "top_signals": [],
  "extreme_count": 0,
  "eur_rate": 0.85917702
}