{
  "last_scan": "2026-04-11T15:31:33.617941",
  "total_scanned": 0,
  "top_signals": [],
  "extreme_count": 0,
  "eur_rate": 0.85270392
}