{
  "last_scan": "2026-06-17T15:55:38.398563",
  "total_scanned": 0,
  "top_signals": [],
  "extreme_count": 0,
  "eur_rate": 0.86350745
}