{
  "last_scan": "2026-04-17T01:37:00.258514",
  "total_scanned": 0,
  "top_signals": [],
  "extreme_count": 0,
  "eur_rate": 0.84634017
}