{
  "last_scan": "2026-05-13T11:18:22.550636",
  "total_scanned": 0,
  "top_signals": [],
  "extreme_count": 0,
  "eur_rate": 0.85048245
}