{
  "last_scan": "2026-04-15T11:52:03.751169",
  "total_scanned": 0,
  "top_signals": [],
  "extreme_count": 0,
  "eur_rate": 0.84882006
}