{
  "last_scan": "2026-05-24T06:31:19.460244",
  "total_scanned": 0,
  "top_signals": [],
  "extreme_count": 0,
  "eur_rate": 0.86186618
}