{
  "last_scan": "2026-04-16T11:42:03.037549",
  "total_scanned": 0,
  "top_signals": [],
  "extreme_count": 0,
  "eur_rate": 0.84634017
}