{
  "last_scan": "2026-05-10T21:23:15.723579",
  "total_scanned": 0,
  "top_signals": [],
  "extreme_count": 0,
  "eur_rate": 0.84804048
}