{
  "last_scan": "2026-06-13T14:14:37.961556",
  "total_scanned": 0,
  "top_signals": [],
  "extreme_count": 0,
  "eur_rate": 0.8640827
}