{
  "last_scan": "2026-05-11T15:17:41.949093",
  "total_scanned": 0,
  "top_signals": [],
  "extreme_count": 0,
  "eur_rate": 0.84804048
}