{
  "last_scan": "2026-05-29T11:29:57.750758",
  "total_scanned": 0,
  "top_signals": [],
  "extreme_count": 0,
  "eur_rate": 0.8628635
}