{
  "last_scan": "2026-06-10T09:01:55.567272",
  "total_scanned": 0,
  "top_signals": [],
  "extreme_count": 0,
  "eur_rate": 0.86671429
}