{
  "last_scan": "2026-04-15T20:52:05.184928",
  "total_scanned": 0,
  "top_signals": [],
  "extreme_count": 0,
  "eur_rate": 0.84882006
}