{
  "last_scan": "2026-04-10T09:16:34.733421",
  "total_scanned": 0,
  "top_signals": [],
  "extreme_count": 0,
  "eur_rate": 0.85751968
}