{
  "last_scan": "2026-04-13T10:02:03.272199",
  "total_scanned": 0,
  "top_signals": [],
  "extreme_count": 0,
  "eur_rate": 0.85270392
}