{
  "last_scan": "2026-04-15T09:52:06.683549",
  "total_scanned": 0,
  "top_signals": [],
  "extreme_count": 0,
  "eur_rate": 0.85020205
}