{
  "last_scan": "2026-04-15T12:12:05.292538",
  "total_scanned": 0,
  "top_signals": [],
  "extreme_count": 0,
  "eur_rate": 0.85020205
}