{
  "last_scan": "2026-04-15T22:32:01.880218",
  "total_scanned": 0,
  "top_signals": [],
  "extreme_count": 0,
  "eur_rate": 0.84882006
}