{
  "last_scan": "2026-06-12T16:55:24.309759",
  "total_scanned": 0,
  "top_signals": [],
  "extreme_count": 0,
  "eur_rate": 0.8640827
}