{
  "last_scan": "2026-06-10T06:39:27.327012",
  "total_scanned": 0,
  "top_signals": [],
  "extreme_count": 0,
  "eur_rate": 0.86671429
}