{
  "last_scan": "2026-05-13T22:18:24.925299",
  "total_scanned": 0,
  "top_signals": [],
  "extreme_count": 0,
  "eur_rate": 0.85207835
}