{
  "last_scan": "2026-06-10T00:27:23.290155",
  "total_scanned": 0,
  "top_signals": [],
  "extreme_count": 0,
  "eur_rate": 0.86671429
}