{
  "last_scan": "2026-04-11T19:01:35.999906",
  "total_scanned": 0,
  "top_signals": [],
  "extreme_count": 0,
  "eur_rate": 0.85270392
}