{
  "last_scan": "2026-05-17T18:49:18.473363",
  "total_scanned": 0,
  "top_signals": [],
  "extreme_count": 0,
  "eur_rate": 0.86021924
}