{
  "last_scan": "2026-05-27T04:07:32.618212",
  "total_scanned": 0,
  "top_signals": [],
  "extreme_count": 0,
  "eur_rate": 0.85952338
}