{
  "last_scan": "2026-06-14T06:34:10.462817",
  "total_scanned": 0,
  "top_signals": [],
  "extreme_count": 0,
  "eur_rate": 0.86453623
}