{
  "last_scan": "2026-05-12T00:14:27.311934",
  "total_scanned": 0,
  "top_signals": [],
  "extreme_count": 0,
  "eur_rate": 0.85056001
}