{
  "last_scan": "2026-05-27T21:15:26.074964",
  "total_scanned": 0,
  "top_signals": [],
  "extreme_count": 0,
  "eur_rate": 0.85910822
}