{
  "last_scan": "2026-06-17T21:23:25.485227",
  "total_scanned": 0,
  "top_signals": [],
  "extreme_count": 0,
  "eur_rate": 0.86117747
}