{
  "last_scan": "2026-04-13T08:27:07.047124",
  "total_scanned": 0,
  "top_signals": [],
  "extreme_count": 0,
  "eur_rate": 0.85270392
}