{
  "last_scan": "2026-05-11T22:58:48.083269",
  "total_scanned": 0,
  "top_signals": [],
  "extreme_count": 0,
  "eur_rate": 0.85056001
}