{
  "last_scan": "2026-06-07T20:47:05.853397",
  "total_scanned": 0,
  "top_signals": [],
  "extreme_count": 0,
  "eur_rate": 0.86786441
}