{
  "last_scan": "2026-05-24T03:41:31.405228",
  "total_scanned": 0,
  "top_signals": [],
  "extreme_count": 0,
  "eur_rate": 0.86186618
}