{
  "last_scan": "2026-05-13T19:28:18.188829",
  "total_scanned": 0,
  "top_signals": [],
  "extreme_count": 0,
  "eur_rate": 0.85207835
}