{
  "last_scan": "2026-06-03T19:32:45.999451",
  "total_scanned": 0,
  "top_signals": [],
  "extreme_count": 0,
  "eur_rate": 0.860165
}