{
  "last_scan": "2026-04-06T17:23:01.768415",
  "total_scanned": 0,
  "top_signals": [],
  "extreme_count": 0,
  "eur_rate": 0.86808405
}