{
  "last_scan": "2026-06-02T21:52:02.910812",
  "total_scanned": 0,
  "top_signals": [],
  "extreme_count": 0,
  "eur_rate": 0.85932214
}