{
  "last_scan": "2026-05-11T09:58:04.500749",
  "total_scanned": 0,
  "top_signals": [],
  "extreme_count": 0,
  "eur_rate": 0.84804048
}