{
  "last_scan": "2026-04-10T18:11:32.099720",
  "total_scanned": 0,
  "top_signals": [],
  "extreme_count": 0,
  "eur_rate": 0.85751968
}