{
  "last_scan": "2026-05-11T15:20:31.575331",
  "total_scanned": 0,
  "top_signals": [],
  "extreme_count": 0,
  "eur_rate": 0.84804048
}