{
  "last_scan": "2026-06-09T22:45:42.408648",
  "total_scanned": 0,
  "top_signals": [],
  "extreme_count": 0,
  "eur_rate": 0.86713482
}