{
  "last_scan": "2026-05-23T11:46:56.392326",
  "total_scanned": 0,
  "top_signals": [],
  "extreme_count": 0,
  "eur_rate": 0.861015
}