{
  "last_scan": "2026-06-04T21:07:21.060425",
  "total_scanned": 0,
  "top_signals": [],
  "extreme_count": 0,
  "eur_rate": 0.860165
}