{
  "last_scan": "2026-06-07T13:31:38.509026",
  "total_scanned": 0,
  "top_signals": [],
  "extreme_count": 0,
  "eur_rate": 0.86794467
}