{
  "last_scan": "2026-04-11T07:11:31.958208",
  "total_scanned": 0,
  "top_signals": [],
  "extreme_count": 0,
  "eur_rate": 0.85535004
}