{
  "last_scan": "2026-06-07T03:32:24.566615",
  "total_scanned": 0,
  "top_signals": [],
  "extreme_count": 0,
  "eur_rate": 0.86794467
}