{
  "last_scan": "2026-04-08T23:54:47.377935",
  "total_scanned": 0,
  "top_signals": [],
  "extreme_count": 0,
  "eur_rate": 0.85683685
}