{
  "last_scan": "2026-06-12T20:43:35.841174",
  "total_scanned": 0,
  "top_signals": [],
  "extreme_count": 0,
  "eur_rate": 0.86599177
}