{
  "last_scan": "2026-05-28T23:34:57.355943",
  "total_scanned": 0,
  "top_signals": [],
  "extreme_count": 0,
  "eur_rate": 0.85910822
}