{
  "last_scan": "2026-05-20T22:13:43.744479",
  "total_scanned": 0,
  "top_signals": [],
  "extreme_count": 0,
  "eur_rate": 0.86161096
}