{
  "last_scan": "2026-04-11T19:06:33.711299",
  "total_scanned": 0,
  "top_signals": [],
  "extreme_count": 0,
  "eur_rate": 0.85270392
}