{
  "last_scan": "2026-06-11T02:28:36.949712",
  "total_scanned": 0,
  "top_signals": [],
  "extreme_count": 0,
  "eur_rate": 0.86592151
}