{
  "last_scan": "2026-05-29T02:23:11.740406",
  "total_scanned": 0,
  "top_signals": [],
  "extreme_count": 0,
  "eur_rate": 0.8628635
}