{
  "last_scan": "2026-06-04T18:27:22.623851",
  "total_scanned": 0,
  "top_signals": [],
  "extreme_count": 0,
  "eur_rate": 0.860165
}