{
  "last_scan": "2026-05-26T00:01:32.408352",
  "total_scanned": 0,
  "top_signals": [],
  "extreme_count": 0,
  "eur_rate": 0.86178554
}