{
  "last_scan": "2026-05-28T07:23:40.729556",
  "total_scanned": 0,
  "top_signals": [],
  "extreme_count": 0,
  "eur_rate": 0.85910822
}