{
  "last_scan": "2026-04-18T06:27:01.150155",
  "total_scanned": 0,
  "top_signals": [],
  "extreme_count": 0,
  "eur_rate": 0.84918046
}