{
  "last_scan": "2026-04-10T23:06:27.867088",
  "total_scanned": 0,
  "top_signals": [],
  "extreme_count": 0,
  "eur_rate": 0.85535004
}