{
  "last_scan": "2026-05-24T04:22:22.368346",
  "total_scanned": 0,
  "top_signals": [],
  "extreme_count": 0,
  "eur_rate": 0.86186618
}