{
  "last_scan": "2026-04-17T04:02:01.962946",
  "total_scanned": 0,
  "top_signals": [],
  "extreme_count": 0,
  "eur_rate": 0.84634017
}