{
  "last_scan": "2026-06-11T00:18:57.157188",
  "total_scanned": 0,
  "top_signals": [],
  "extreme_count": 0,
  "eur_rate": 0.86592151
}