{
  "last_scan": "2026-06-03T17:16:01.311006",
  "total_scanned": 0,
  "top_signals": [],
  "extreme_count": 0,
  "eur_rate": 0.860165
}