{
  "last_scan": "2026-06-01T22:37:03.927699",
  "total_scanned": 0,
  "top_signals": [],
  "extreme_count": 0,
  "eur_rate": 0.85765611
}