{
  "last_scan": "2026-05-20T01:04:07.173413",
  "total_scanned": 0,
  "top_signals": [],
  "extreme_count": 0,
  "eur_rate": 0.85901509
}