{
  "last_scan": "2026-06-14T23:06:09.134873",
  "total_scanned": 0,
  "top_signals": [],
  "extreme_count": 0,
  "eur_rate": 0.86397583
}