{
  "last_scan": "2026-06-10T10:50:08.813149",
  "total_scanned": 0,
  "top_signals": [],
  "extreme_count": 0,
  "eur_rate": 0.86671429
}