{
  "last_scan": "2026-05-14T01:51:37.332356",
  "total_scanned": 0,
  "top_signals": [],
  "extreme_count": 0,
  "eur_rate": 0.85207835
}