{
  "last_scan": "2026-06-08T18:32:56.549605",
  "total_scanned": 0,
  "top_signals": [],
  "extreme_count": 0,
  "eur_rate": 0.86713482
}