{
  "last_scan": "2026-05-13T18:42:58.834008",
  "total_scanned": 0,
  "top_signals": [],
  "extreme_count": 0,
  "eur_rate": 0.85207835
}