{
  "last_scan": "2026-05-23T23:50:35.564149",
  "total_scanned": 0,
  "top_signals": [],
  "extreme_count": 0,
  "eur_rate": 0.861015
}