{
  "last_scan": "2026-05-17T21:13:00.067029",
  "total_scanned": 0,
  "top_signals": [],
  "extreme_count": 0,
  "eur_rate": 0.86021924
}