{
  "last_scan": "2026-06-01T07:30:04.635286",
  "total_scanned": 0,
  "top_signals": [],
  "extreme_count": 0,
  "eur_rate": 0.85765611
}