{
  "last_scan": "2026-04-19T10:32:03.536015",
  "total_scanned": 0,
  "top_signals": [],
  "extreme_count": 0,
  "eur_rate": 0.84940406
}