{
  "last_scan": "2026-05-11T01:59:23.888901",
  "total_scanned": 0,
  "top_signals": [],
  "extreme_count": 0,
  "eur_rate": 0.84804048
}