{
  "last_scan": "2026-05-11T09:29:57.934387",
  "total_scanned": 0,
  "top_signals": [],
  "extreme_count": 0,
  "eur_rate": 0.84804048
}