{
  "last_scan": "2026-04-13T19:47:02.626713",
  "total_scanned": 0,
  "top_signals": [],
  "extreme_count": 0,
  "eur_rate": 0.85559814
}