{
  "last_scan": "2026-06-01T13:11:09.305883",
  "total_scanned": 0,
  "top_signals": [],
  "extreme_count": 0,
  "eur_rate": 0.85765611
}