{
  "last_scan": "2026-05-23T14:17:01.270794",
  "total_scanned": 0,
  "top_signals": [],
  "extreme_count": 0,
  "eur_rate": 0.861015
}