{
  "last_scan": "2026-05-13T14:49:06.606674",
  "total_scanned": 0,
  "top_signals": [],
  "extreme_count": 0,
  "eur_rate": 0.85207835
}