{
  "last_scan": "2026-05-13T16:37:29.636214",
  "total_scanned": 0,
  "top_signals": [],
  "extreme_count": 0,
  "eur_rate": 0.85048245
}