{
  "last_scan": "2026-05-14T18:16:21.884486",
  "total_scanned": 0,
  "top_signals": [],
  "extreme_count": 0,
  "eur_rate": 0.85366256
}