{
  "last_scan": "2026-06-06T15:26:31.891370",
  "total_scanned": 0,
  "top_signals": [],
  "extreme_count": 0,
  "eur_rate": 0.86096071
}