{
  "last_scan": "2026-06-05T18:03:09.219931",
  "total_scanned": 0,
  "top_signals": [],
  "extreme_count": 0,
  "eur_rate": 0.86128188
}