{
  "last_scan": "2026-05-28T08:11:40.178835",
  "total_scanned": 0,
  "top_signals": [],
  "extreme_count": 0,
  "eur_rate": 0.85910822
}