{
  "last_scan": "2026-04-18T13:02:04.374624",
  "total_scanned": 0,
  "top_signals": [],
  "extreme_count": 0,
  "eur_rate": 0.84940406
}