{
  "last_scan": "2026-05-10T21:00:55.322314",
  "total_scanned": 0,
  "top_signals": [],
  "extreme_count": 0,
  "eur_rate": 0.84804048
}