{
  "last_scan": "2026-05-21T07:59:35.087284",
  "total_scanned": 0,
  "top_signals": [],
  "extreme_count": 0,
  "eur_rate": 0.86161096
}