{
  "last_scan": "2026-05-23T15:59:13.545720",
  "total_scanned": 0,
  "top_signals": [],
  "extreme_count": 0,
  "eur_rate": 0.861015
}