{
  "last_scan": "2026-06-06T20:17:56.962165",
  "total_scanned": 0,
  "top_signals": [],
  "extreme_count": 0,
  "eur_rate": 0.86794467
}