{
  "last_scan": "2026-06-13T19:39:45.825790",
  "total_scanned": 0,
  "top_signals": [],
  "extreme_count": 0,
  "eur_rate": 0.8640827
}