{
  "last_scan": "2026-05-30T02:28:39.813374",
  "total_scanned": 0,
  "top_signals": [],
  "extreme_count": 0,
  "eur_rate": 0.85917702
}