{
  "last_scan": "2026-05-12T19:11:46.548976",
  "total_scanned": 0,
  "top_signals": [],
  "extreme_count": 0,
  "eur_rate": 0.85048245
}