{
  "last_scan": "2026-05-29T21:38:18.145309",
  "total_scanned": 0,
  "top_signals": [],
  "extreme_count": 0,
  "eur_rate": 0.85917702
}