{
  "last_scan": "2026-05-12T05:06:13.003926",
  "total_scanned": 0,
  "top_signals": [],
  "extreme_count": 0,
  "eur_rate": 0.85056001
}