{
  "last_scan": "2026-05-24T17:39:51.711887",
  "total_scanned": 0,
  "top_signals": [],
  "extreme_count": 0,
  "eur_rate": 0.86186618
}