{
  "last_scan": "2026-05-23T22:56:07.247580",
  "total_scanned": 0,
  "top_signals": [],
  "extreme_count": 0,
  "eur_rate": 0.861015
}