{
  "last_scan": "2026-05-28T18:08:06.944855",
  "total_scanned": 0,
  "top_signals": [],
  "extreme_count": 0,
  "eur_rate": 0.85910822
}