{
  "last_scan": "2026-05-31T18:35:01.255746",
  "total_scanned": 0,
  "top_signals": [],
  "extreme_count": 0,
  "eur_rate": 0.8576404
}