{
  "last_scan": "2026-05-12T03:23:44.069012",
  "total_scanned": 0,
  "top_signals": [],
  "extreme_count": 0,
  "eur_rate": 0.85056001
}