{
  "last_scan": "2026-05-12T00:17:17.362451",
  "total_scanned": 0,
  "top_signals": [],
  "extreme_count": 0,
  "eur_rate": 0.85056001
}