{
  "last_scan": "2026-05-19T11:32:05.782570",
  "total_scanned": 0,
  "top_signals": [],
  "extreme_count": 0,
  "eur_rate": 0.86061038
}