{
  "last_scan": "2026-05-22T16:27:07.337556",
  "total_scanned": 0,
  "top_signals": [],
  "extreme_count": 0,
  "eur_rate": 0.86054655
}