{
  "last_scan": "2026-06-04T03:08:22.036130",
  "total_scanned": 0,
  "top_signals": [],
  "extreme_count": 0,
  "eur_rate": 0.860165
}