{
  "last_scan": "2026-06-06T17:49:21.827874",
  "total_scanned": 0,
  "top_signals": [],
  "extreme_count": 0,
  "eur_rate": 0.86794467
}