{
  "last_scan": "2026-06-12T10:35:33.015076",
  "total_scanned": 0,
  "top_signals": [],
  "extreme_count": 0,
  "eur_rate": 0.86599177
}