{
  "last_scan": "2026-06-10T16:19:07.415082",
  "total_scanned": 0,
  "top_signals": [],
  "extreme_count": 0,
  "eur_rate": 0.86671429
}