{
  "last_scan": "2026-05-20T07:11:28.451631",
  "total_scanned": 0,
  "top_signals": [],
  "extreme_count": 0,
  "eur_rate": 0.85901509
}