{
  "last_scan": "2026-04-14T13:52:06.057911",
  "total_scanned": 0,
  "top_signals": [],
  "extreme_count": 0,
  "eur_rate": 0.85020205
}