{
  "last_scan": "2026-06-03T19:11:57.548364",
  "total_scanned": 0,
  "top_signals": [],
  "extreme_count": 0,
  "eur_rate": 0.860165
}