{
  "last_scan": "2026-06-05T22:30:25.860229",
  "total_scanned": 0,
  "top_signals": [],
  "extreme_count": 0,
  "eur_rate": 0.86128188
}