{
  "last_scan": "2026-05-12T17:19:30.587484",
  "total_scanned": 0,
  "top_signals": [],
  "extreme_count": 0,
  "eur_rate": 0.85048245
}