{
  "last_scan": "2026-04-14T20:37:04.088397",
  "total_scanned": 0,
  "top_signals": [],
  "extreme_count": 0,
  "eur_rate": 0.85020205
}