{
  "last_scan": "2026-06-13T17:11:08.221654",
  "total_scanned": 0,
  "top_signals": [],
  "extreme_count": 0,
  "eur_rate": 0.8640827
}