{
  "last_scan": "2026-05-19T10:51:06.504336",
  "total_scanned": 0,
  "top_signals": [],
  "extreme_count": 0,
  "eur_rate": 0.86061038
}