{
  "last_scan": "2026-05-31T22:35:51.241609",
  "total_scanned": 0,
  "top_signals": [],
  "extreme_count": 0,
  "eur_rate": 0.8576404
}