{
  "last_scan": "2026-05-30T14:28:47.976553",
  "total_scanned": 0,
  "top_signals": [],
  "extreme_count": 0,
  "eur_rate": 0.85917702
}