{
  "last_scan": "2026-06-05T03:55:13.258493",
  "total_scanned": 0,
  "top_signals": [],
  "extreme_count": 0,
  "eur_rate": 0.86128188
}