{
  "last_scan": "2026-05-25T22:53:24.684436",
  "total_scanned": 0,
  "top_signals": [],
  "extreme_count": 0,
  "eur_rate": 0.86178554
}