{
  "last_scan": "2026-04-11T09:41:32.963890",
  "total_scanned": 0,
  "top_signals": [],
  "extreme_count": 0,
  "eur_rate": 0.85535004
}