{
  "last_scan": "2026-04-10T21:01:31.120690",
  "total_scanned": 0,
  "top_signals": [],
  "extreme_count": 0,
  "eur_rate": 0.85535004
}