{
  "last_scan": "2026-05-24T13:40:38.896756",
  "total_scanned": 0,
  "top_signals": [],
  "extreme_count": 0,
  "eur_rate": 0.86186618
}