{
  "last_scan": "2026-06-03T20:27:12.796586",
  "total_scanned": 0,
  "top_signals": [],
  "extreme_count": 0,
  "eur_rate": 0.85932214
}