{
  "last_scan": "2026-04-15T09:07:04.519458",
  "total_scanned": 0,
  "top_signals": [],
  "extreme_count": 0,
  "eur_rate": 0.85020205
}