{
  "last_scan": "2026-04-18T16:02:08.530659",
  "total_scanned": 0,
  "top_signals": [],
  "extreme_count": 0,
  "eur_rate": 0.84940406
}