{
  "last_scan": "2026-06-03T11:24:37.386892",
  "total_scanned": 0,
  "top_signals": [],
  "extreme_count": 0,
  "eur_rate": 0.85932214
}