{
  "last_scan": "2026-06-17T10:15:59.835259",
  "total_scanned": 0,
  "top_signals": [],
  "extreme_count": 0,
  "eur_rate": 0.86350745
}