{
  "last_scan": "2026-04-18T13:57:01.736665",
  "total_scanned": 0,
  "top_signals": [],
  "extreme_count": 0,
  "eur_rate": 0.84940406
}