{
  "last_scan": "2026-06-05T11:43:46.527041",
  "total_scanned": 0,
  "top_signals": [],
  "extreme_count": 0,
  "eur_rate": 0.86128188
}