{
  "last_scan": "2026-05-24T04:15:34.579275",
  "total_scanned": 0,
  "top_signals": [],
  "extreme_count": 0,
  "eur_rate": 0.86186618
}