{
  "last_scan": "2026-05-24T09:34:44.839851",
  "total_scanned": 0,
  "top_signals": [],
  "extreme_count": 0,
  "eur_rate": 0.86186618
}