{
  "last_scan": "2026-05-19T19:47:58.578096",
  "total_scanned": 0,
  "top_signals": [],
  "extreme_count": 0,
  "eur_rate": 0.86061038
}