{
  "last_scan": "2026-04-18T08:47:00.703090",
  "total_scanned": 0,
  "top_signals": [],
  "extreme_count": 0,
  "eur_rate": 0.84918046
}