{
  "last_scan": "2026-06-09T23:39:54.461283",
  "total_scanned": 0,
  "top_signals": [],
  "extreme_count": 0,
  "eur_rate": 0.86713482
}