{
  "last_scan": "2026-05-31T20:26:20.184522",
  "total_scanned": 0,
  "top_signals": [],
  "extreme_count": 0,
  "eur_rate": 0.85765611
}