{
  "last_scan": "2026-04-16T17:42:12.450238",
  "total_scanned": 0,
  "top_signals": [],
  "extreme_count": 0,
  "eur_rate": 0.84634017
}