{
  "last_scan": "2026-04-15T17:52:02.818274",
  "total_scanned": 0,
  "top_signals": [],
  "extreme_count": 0,
  "eur_rate": 0.84882006
}