{
  "last_scan": "2026-06-18T12:25:51.387880",
  "total_scanned": 0,
  "top_signals": [],
  "extreme_count": 0,
  "eur_rate": 0.86117747
}