{
  "last_scan": "2026-06-01T00:03:31.462235",
  "total_scanned": 0,
  "top_signals": [],
  "extreme_count": 0,
  "eur_rate": 0.8576404
}