{
  "last_scan": "2026-04-13T13:27:02.631979",
  "total_scanned": 0,
  "top_signals": [],
  "extreme_count": 0,
  "eur_rate": 0.85270392
}