{
  "last_scan": "2026-05-29T23:53:50.988777",
  "total_scanned": 0,
  "top_signals": [],
  "extreme_count": 0,
  "eur_rate": 0.8628635
}