{
  "last_scan": "2026-06-11T16:50:48.875557",
  "total_scanned": 0,
  "top_signals": [],
  "extreme_count": 0,
  "eur_rate": 0.86599177
}