{
  "last_scan": "2026-04-14T11:37:03.302161",
  "total_scanned": 0,
  "top_signals": [],
  "extreme_count": 0,
  "eur_rate": 0.85559814
}