{
  "last_scan": "2026-04-15T15:02:08.743570",
  "total_scanned": 0,
  "top_signals": [],
  "extreme_count": 0,
  "eur_rate": 0.84882006
}