{
  "last_scan": "2026-04-13T03:52:00.047346",
  "total_scanned": 0,
  "top_signals": [],
  "extreme_count": 0,
  "eur_rate": 0.85270392
}