{
  "last_scan": "2026-06-15T08:54:35.361608",
  "total_scanned": 0,
  "top_signals": [],
  "extreme_count": 0,
  "eur_rate": 0.86397583
}