{
  "last_scan": "2026-04-13T11:27:01.319029",
  "total_scanned": 0,
  "top_signals": [],
  "extreme_count": 0,
  "eur_rate": 0.85270392
}