{
  "last_scan": "2026-06-18T18:05:49.112605",
  "total_scanned": 0,
  "top_signals": [],
  "extreme_count": 0,
  "eur_rate": 0.86117747
}