{
  "last_scan": "2026-06-15T06:52:31.595406",
  "total_scanned": 0,
  "top_signals": [],
  "extreme_count": 0,
  "eur_rate": 0.86397583
}