{
  "last_scan": "2026-05-10T17:55:12.822111",
  "total_scanned": 0,
  "top_signals": [],
  "extreme_count": 0,
  "eur_rate": 0.84804048
}