{
  "last_scan": "2026-05-11T07:03:11.650609",
  "total_scanned": 0,
  "top_signals": [],
  "extreme_count": 0,
  "eur_rate": 0.84804048
}