{
  "last_scan": "2026-06-08T16:49:48.560102",
  "total_scanned": 0,
  "top_signals": [],
  "extreme_count": 0,
  "eur_rate": 0.86786441
}