{
  "last_scan": "2026-05-17T07:13:02.377276",
  "total_scanned": 0,
  "top_signals": [],
  "extreme_count": 0,
  "eur_rate": 0.86023046
}