{
  "last_scan": "2026-05-28T07:10:03.328620",
  "total_scanned": 0,
  "top_signals": [],
  "extreme_count": 0,
  "eur_rate": 0.85910822
}