{
  "last_scan": "2026-06-03T20:40:48.935605",
  "total_scanned": 0,
  "top_signals": [],
  "extreme_count": 0,
  "eur_rate": 0.860165
}