{
  "last_scan": "2026-04-15T14:29:54.132534",
  "total_scanned": 0,
  "top_signals": [],
  "extreme_count": 0,
  "eur_rate": 0.84882006
}