{
  "last_scan": "2026-06-07T17:56:47.781166",
  "total_scanned": 0,
  "top_signals": [],
  "extreme_count": 0,
  "eur_rate": 0.86794467
}