{
  "last_scan": "2026-05-27T10:36:32.755341",
  "total_scanned": 0,
  "top_signals": [],
  "extreme_count": 0,
  "eur_rate": 0.85952338
}