{
  "last_scan": "2026-06-11T19:56:41.218793",
  "total_scanned": 0,
  "top_signals": [],
  "extreme_count": 0,
  "eur_rate": 0.86592151
}