{
  "last_scan": "2026-06-01T17:37:23.719197",
  "total_scanned": 0,
  "top_signals": [],
  "extreme_count": 0,
  "eur_rate": 0.85765611
}