{
  "last_scan": "2026-06-07T17:29:43.242603",
  "total_scanned": 0,
  "top_signals": [],
  "extreme_count": 0,
  "eur_rate": 0.86786441
}