{
  "last_scan": "2026-05-26T21:01:14.696797",
  "total_scanned": 0,
  "top_signals": [],
  "extreme_count": 0,
  "eur_rate": 0.85952338
}