{
  "last_scan": "2026-05-26T00:21:59.101353",
  "total_scanned": 0,
  "top_signals": [],
  "extreme_count": 0,
  "eur_rate": 0.8593388
}