{
  "last_scan": "2026-05-23T06:33:13.832269",
  "total_scanned": 0,
  "top_signals": [],
  "extreme_count": 0,
  "eur_rate": 0.861015
}