{
  "last_scan": "2026-05-24T21:53:07.021611",
  "total_scanned": 0,
  "top_signals": [],
  "extreme_count": 0,
  "eur_rate": 0.86178554
}