{
  "last_scan": "2026-06-12T03:40:41.918551",
  "total_scanned": 0,
  "top_signals": [],
  "extreme_count": 0,
  "eur_rate": 0.86599177
}