{
  "last_scan": "2026-05-28T03:45:57.024319",
  "total_scanned": 0,
  "top_signals": [],
  "extreme_count": 0,
  "eur_rate": 0.85910822
}