{
  "last_scan": "2026-04-19T10:42:04.727071",
  "total_scanned": 0,
  "top_signals": [],
  "extreme_count": 0,
  "eur_rate": 0.84940406
}