{
  "last_scan": "2026-06-14T21:17:49.564470",
  "total_scanned": 0,
  "top_signals": [],
  "extreme_count": 0,
  "eur_rate": 0.86397583
}