{
  "last_scan": "2026-05-30T22:34:30.948852",
  "total_scanned": 0,
  "top_signals": [],
  "extreme_count": 0,
  "eur_rate": 0.85917702
}