{
  "last_scan": "2026-05-11T09:15:58.480443",
  "total_scanned": 0,
  "top_signals": [],
  "extreme_count": 0,
  "eur_rate": 0.85056001
}