{
  "last_scan": "2026-06-04T12:25:50.902551",
  "total_scanned": 0,
  "top_signals": [],
  "extreme_count": 0,
  "eur_rate": 0.860165
}