{
  "last_scan": "2026-06-17T23:45:52.202778",
  "total_scanned": 0,
  "top_signals": [],
  "extreme_count": 0,
  "eur_rate": 0.86117747
}