{
  "last_scan": "2026-04-15T11:07:01.854692",
  "total_scanned": 0,
  "top_signals": [],
  "extreme_count": 0,
  "eur_rate": 0.85020205
}