{
  "last_scan": "2026-05-21T04:08:19.694827",
  "total_scanned": 0,
  "top_signals": [],
  "extreme_count": 0,
  "eur_rate": 0.86161096
}