{
  "last_scan": "2026-05-12T14:07:00.071195",
  "total_scanned": 0,
  "top_signals": [],
  "extreme_count": 0,
  "eur_rate": 0.85056001
}