{
  "last_scan": "2026-05-18T19:17:09.336414",
  "total_scanned": 0,
  "top_signals": [],
  "extreme_count": 0,
  "eur_rate": 0.86021924
}