{
  "last_scan": "2026-05-15T02:34:52.571943",
  "total_scanned": 0,
  "top_signals": [],
  "extreme_count": 0,
  "eur_rate": 0.85366256
}