{
  "last_scan": "2026-05-13T16:54:38.354340",
  "total_scanned": 0,
  "top_signals": [],
  "extreme_count": 0,
  "eur_rate": 0.85048245
}