{
  "last_scan": "2026-04-10T17:41:32.620009",
  "total_scanned": 0,
  "top_signals": [],
  "extreme_count": 0,
  "eur_rate": 0.85535004
}