{
  "last_scan": "2026-06-08T12:11:07.401067",
  "total_scanned": 0,
  "top_signals": [],
  "extreme_count": 0,
  "eur_rate": 0.86786441
}