{
  "last_scan": "2026-05-17T02:34:47.016924",
  "total_scanned": 0,
  "top_signals": [],
  "extreme_count": 0,
  "eur_rate": 0.86023046
}