{
  "last_scan": "2026-05-13T18:28:47.936876",
  "total_scanned": 0,
  "top_signals": [],
  "extreme_count": 0,
  "eur_rate": 0.85207835
}