{
  "last_scan": "2026-05-17T18:15:04.420941",
  "total_scanned": 0,
  "top_signals": [],
  "extreme_count": 0,
  "eur_rate": 0.86021924
}