{
  "last_scan": "2026-04-16T11:27:03.245705",
  "total_scanned": 0,
  "top_signals": [],
  "extreme_count": 0,
  "eur_rate": 0.84882006
}