{
  "last_scan": "2026-05-14T03:57:06.527199",
  "total_scanned": 0,
  "top_signals": [],
  "extreme_count": 0,
  "eur_rate": 0.85207835
}