{
  "last_scan": "2026-05-23T13:22:35.731137",
  "total_scanned": 0,
  "top_signals": [],
  "extreme_count": 0,
  "eur_rate": 0.861015
}