{
  "last_scan": "2026-06-01T23:24:37.293336",
  "total_scanned": 0,
  "top_signals": [],
  "extreme_count": 0,
  "eur_rate": 0.85765611
}