{
  "last_scan": "2026-04-18T04:52:01.230507",
  "total_scanned": 0,
  "top_signals": [],
  "extreme_count": 0,
  "eur_rate": 0.84918046
}