{
  "last_scan": "2026-04-13T17:57:04.153598",
  "total_scanned": 0,
  "top_signals": [],
  "extreme_count": 0,
  "eur_rate": 0.85559814
}