{
  "last_scan": "2026-06-17T10:49:46.750371",
  "total_scanned": 0,
  "top_signals": [],
  "extreme_count": 0,
  "eur_rate": 0.86350745
}