{
  "last_scan": "2026-05-25T21:11:05.041700",
  "total_scanned": 0,
  "top_signals": [],
  "extreme_count": 0,
  "eur_rate": 0.86178554
}