{
  "last_scan": "2026-04-18T21:42:00.236471",
  "total_scanned": 0,
  "top_signals": [],
  "extreme_count": 0,
  "eur_rate": 0.84940406
}