{
  "last_scan": "2026-05-17T05:31:16.761830",
  "total_scanned": 0,
  "top_signals": [],
  "extreme_count": 0,
  "eur_rate": 0.86023046
}