{
  "last_scan": "2026-06-06T05:15:59.279746",
  "total_scanned": 0,
  "top_signals": [],
  "extreme_count": 0,
  "eur_rate": 0.86096071
}