{
  "last_scan": "2026-05-30T19:52:17.392153",
  "total_scanned": 0,
  "top_signals": [],
  "extreme_count": 0,
  "eur_rate": 0.8576404
}