{
  "last_scan": "2026-04-14T03:42:00.552722",
  "total_scanned": 0,
  "top_signals": [],
  "extreme_count": 0,
  "eur_rate": 0.85559814
}