{
  "last_scan": "2026-05-22T04:50:50.412736",
  "total_scanned": 0,
  "top_signals": [],
  "extreme_count": 0,
  "eur_rate": 0.86054655
}