{
  "last_scan": "2026-05-19T13:42:02.884070",
  "total_scanned": 0,
  "top_signals": [],
  "extreme_count": 0,
  "eur_rate": 0.85901509
}