{
  "last_scan": "2026-05-17T19:30:34.050748",
  "total_scanned": 0,
  "top_signals": [],
  "extreme_count": 0,
  "eur_rate": 0.86021924
}