{
  "last_scan": "2026-06-13T22:29:39.155115",
  "total_scanned": 0,
  "top_signals": [],
  "extreme_count": 0,
  "eur_rate": 0.86453623
}