{
  "last_scan": "2026-05-25T16:37:53.310954",
  "total_scanned": 0,
  "top_signals": [],
  "extreme_count": 0,
  "eur_rate": 0.8593388
}