{
  "last_scan": "2026-05-22T17:15:14.185719",
  "total_scanned": 0,
  "top_signals": [],
  "extreme_count": 0,
  "eur_rate": 0.861015
}