{
  "last_scan": "2026-05-17T01:40:28.326414",
  "total_scanned": 0,
  "top_signals": [],
  "extreme_count": 0,
  "eur_rate": 0.86023046
}