{
  "last_scan": "2026-04-05T16:59:30.320081",
  "total_scanned": 0,
  "top_signals": [],
  "extreme_count": 0,
  "eur_rate": 0.86811129
}