{
  "last_scan": "2026-05-11T10:37:30.575127",
  "total_scanned": 0,
  "top_signals": [],
  "extreme_count": 0,
  "eur_rate": 0.84804048
}