{
  "last_scan": "2026-05-28T09:40:39.647901",
  "total_scanned": 0,
  "top_signals": [],
  "extreme_count": 0,
  "eur_rate": 0.85910822
}