{
  "last_scan": "2026-04-11T17:31:33.537955",
  "total_scanned": 0,
  "top_signals": [],
  "extreme_count": 0,
  "eur_rate": 0.85270392
}