{
  "last_scan": "2026-06-05T08:18:05.584508",
  "total_scanned": 0,
  "top_signals": [],
  "extreme_count": 0,
  "eur_rate": 0.86128188
}