{
  "last_scan": "2026-06-10T19:12:50.895877",
  "total_scanned": 0,
  "top_signals": [],
  "extreme_count": 0,
  "eur_rate": 0.86671429
}