{
  "last_scan": "2026-06-18T15:20:42.115093",
  "total_scanned": 0,
  "top_signals": [],
  "extreme_count": 0,
  "eur_rate": 0.8677517
}