{
  "last_scan": "2026-05-21T16:46:52.306897",
  "total_scanned": 0,
  "top_signals": [],
  "extreme_count": 0,
  "eur_rate": 0.86161096
}