{
  "last_scan": "2026-06-12T14:21:46.420716",
  "total_scanned": 0,
  "top_signals": [],
  "extreme_count": 0,
  "eur_rate": 0.86599177
}