{
  "last_scan": "2026-05-11T20:40:04.844740",
  "total_scanned": 0,
  "top_signals": [],
  "extreme_count": 0,
  "eur_rate": 0.85056001
}