{
  "last_scan": "2026-04-10T07:51:38.759803",
  "total_scanned": 0,
  "top_signals": [],
  "extreme_count": 0,
  "eur_rate": 0.85751968
}