{
  "last_scan": "2026-05-13T21:50:08.832381",
  "total_scanned": 0,
  "top_signals": [],
  "extreme_count": 0,
  "eur_rate": 0.85207835
}