{
  "last_scan": "2026-05-21T05:36:39.166271",
  "total_scanned": 0,
  "top_signals": [],
  "extreme_count": 0,
  "eur_rate": 0.86161096
}