{
  "last_scan": "2026-05-26T17:47:55.580290",
  "total_scanned": 0,
  "top_signals": [],
  "extreme_count": 0,
  "eur_rate": 0.85952338
}