{
  "last_scan": "2026-05-19T22:20:02.980631",
  "total_scanned": 0,
  "top_signals": [],
  "extreme_count": 0,
  "eur_rate": 0.85901509
}