{
  "last_scan": "2026-04-14T10:17:04.030790",
  "total_scanned": 0,
  "top_signals": [],
  "extreme_count": 0,
  "eur_rate": 0.85559814
}