{
  "last_scan": "2026-04-15T13:17:31.134088",
  "total_scanned": 0,
  "top_signals": [],
  "extreme_count": 0,
  "eur_rate": 0.85020205
}