{
  "last_scan": "2026-05-16T20:34:48.346810",
  "total_scanned": 0,
  "top_signals": [],
  "extreme_count": 0,
  "eur_rate": 0.86023046
}