{
  "last_scan": "2026-04-13T09:22:00.771675",
  "total_scanned": 0,
  "top_signals": [],
  "extreme_count": 0,
  "eur_rate": 0.85270392
}