{
  "last_scan": "2026-05-28T16:31:51.715294",
  "total_scanned": 0,
  "top_signals": [],
  "extreme_count": 0,
  "eur_rate": 0.85910822
}