{
  "last_scan": "2026-04-18T18:47:08.218202",
  "total_scanned": 0,
  "top_signals": [],
  "extreme_count": 0,
  "eur_rate": 0.84940406
}