{
  "last_scan": "2026-06-13T03:58:51.382941",
  "total_scanned": 0,
  "top_signals": [],
  "extreme_count": 0,
  "eur_rate": 0.8640827
}