{
  "last_scan": "2026-05-29T04:04:00.377214",
  "total_scanned": 0,
  "top_signals": [],
  "extreme_count": 0,
  "eur_rate": 0.8628635
}