{
  "last_scan": "2026-05-23T00:46:19.977248",
  "total_scanned": 0,
  "top_signals": [],
  "extreme_count": 0,
  "eur_rate": 0.861015
}