{
  "last_scan": "2026-04-13T18:02:17.521441",
  "total_scanned": 0,
  "top_signals": [],
  "extreme_count": 0,
  "eur_rate": 0.85559814
}