{
  "last_scan": "2026-04-11T12:06:34.377421",
  "total_scanned": 0,
  "top_signals": [],
  "extreme_count": 0,
  "eur_rate": 0.85270392
}