{
  "last_scan": "2026-06-16T23:18:58.759934",
  "total_scanned": 0,
  "top_signals": [],
  "extreme_count": 0,
  "eur_rate": 0.86350745
}