{
  "last_scan": "2026-04-11T00:56:34.017447",
  "total_scanned": 0,
  "top_signals": [],
  "extreme_count": 0,
  "eur_rate": 0.85535004
}