{
  "last_scan": "2026-06-02T17:27:16.389850",
  "total_scanned": 0,
  "top_signals": [],
  "extreme_count": 0,
  "eur_rate": 0.85856963
}