{
  "last_scan": "2026-06-03T23:25:47.513394",
  "total_scanned": 0,
  "top_signals": [],
  "extreme_count": 0,
  "eur_rate": 0.85932214
}