{
  "last_scan": "2026-05-15T10:38:15.026947",
  "total_scanned": 0,
  "top_signals": [],
  "extreme_count": 0,
  "eur_rate": 0.85366256
}