{
  "last_scan": "2026-06-04T20:18:38.250316",
  "total_scanned": 0,
  "top_signals": [],
  "extreme_count": 0,
  "eur_rate": 0.860165
}