{
  "last_scan": "2026-05-12T19:45:35.272062",
  "total_scanned": 0,
  "top_signals": [],
  "extreme_count": 0,
  "eur_rate": 0.85048245
}