{
  "last_scan": "2026-06-17T05:10:45.956989",
  "total_scanned": 0,
  "top_signals": [],
  "extreme_count": 0,
  "eur_rate": 0.86350745
}