{
  "last_scan": "2026-04-15T19:12:04.991639",
  "total_scanned": 0,
  "top_signals": [],
  "extreme_count": 0,
  "eur_rate": 0.84882006
}