{
  "last_scan": "2026-06-12T22:47:41.942910",
  "total_scanned": 0,
  "top_signals": [],
  "extreme_count": 0,
  "eur_rate": 0.8640827
}