{
  "last_scan": "2026-04-13T16:17:06.514333",
  "total_scanned": 0,
  "top_signals": [],
  "extreme_count": 0,
  "eur_rate": 0.85559814
}