{
  "last_scan": "2026-05-12T17:24:31.561798",
  "total_scanned": 0,
  "top_signals": [],
  "extreme_count": 0,
  "eur_rate": 0.85048245
}