{
  "last_scan": "2026-05-21T00:03:50.572098",
  "total_scanned": 0,
  "top_signals": [],
  "extreme_count": 0,
  "eur_rate": 0.85901509
}