{
  "last_scan": "2026-06-06T23:43:21.996153",
  "total_scanned": 0,
  "top_signals": [],
  "extreme_count": 0,
  "eur_rate": 0.86096071
}