{
  "last_scan": "2026-04-13T01:02:02.317938",
  "total_scanned": 0,
  "top_signals": [],
  "extreme_count": 0,
  "eur_rate": 0.85270392
}