{
  "last_scan": "2026-05-23T18:22:26.086332",
  "total_scanned": 0,
  "top_signals": [],
  "extreme_count": 0,
  "eur_rate": 0.861015
}