{
  "last_scan": "2026-05-17T14:23:04.093935",
  "total_scanned": 0,
  "top_signals": [],
  "extreme_count": 0,
  "eur_rate": 0.86021924
}