{
  "last_scan": "2026-06-10T17:49:37.084034",
  "total_scanned": 0,
  "top_signals": [],
  "extreme_count": 0,
  "eur_rate": 0.86671429
}