{
  "last_scan": "2026-04-13T07:22:02.625842",
  "total_scanned": 0,
  "top_signals": [],
  "extreme_count": 0,
  "eur_rate": 0.85270392
}