{
  "last_scan": "2026-05-30T19:32:00.050810",
  "total_scanned": 0,
  "top_signals": [],
  "extreme_count": 0,
  "eur_rate": 0.85917702
}