{
  "last_scan": "2026-05-25T07:59:30.777929",
  "total_scanned": 0,
  "top_signals": [],
  "extreme_count": 0,
  "eur_rate": 0.86178554
}