{
  "last_scan": "2026-04-16T20:07:04.050640",
  "total_scanned": 0,
  "top_signals": [],
  "extreme_count": 0,
  "eur_rate": 0.84634017
}