{
  "last_scan": "2026-06-10T07:26:36.941182",
  "total_scanned": 0,
  "top_signals": [],
  "extreme_count": 0,
  "eur_rate": 0.86671429
}