{
  "last_scan": "2026-05-30T05:29:57.035939",
  "total_scanned": 0,
  "top_signals": [],
  "extreme_count": 0,
  "eur_rate": 0.85917702
}