{
  "last_scan": "2026-06-15T18:25:14.450354",
  "total_scanned": 0,
  "top_signals": [],
  "extreme_count": 0,
  "eur_rate": 0.86397583
}