{
  "last_scan": "2026-05-27T13:20:52.800606",
  "total_scanned": 0,
  "top_signals": [],
  "extreme_count": 0,
  "eur_rate": 0.85952338
}