{
  "last_scan": "2026-05-17T17:06:39.232691",
  "total_scanned": 0,
  "top_signals": [],
  "extreme_count": 0,
  "eur_rate": 0.86021924
}