{
  "last_scan": "2026-05-23T21:33:11.928037",
  "total_scanned": 0,
  "top_signals": [],
  "extreme_count": 0,
  "eur_rate": 0.86186618
}