{
  "last_scan": "2026-05-28T14:14:25.907293",
  "total_scanned": 0,
  "top_signals": [],
  "extreme_count": 0,
  "eur_rate": 0.85910822
}