{
  "last_scan": "2026-04-16T14:47:03.038424",
  "total_scanned": 0,
  "top_signals": [],
  "extreme_count": 0,
  "eur_rate": 0.84882006
}