{
  "last_scan": "2026-06-02T15:10:27.964269",
  "total_scanned": 0,
  "top_signals": [],
  "extreme_count": 0,
  "eur_rate": 0.85856963
}