{
  "last_scan": "2026-06-17T00:39:56.107201",
  "total_scanned": 0,
  "top_signals": [],
  "extreme_count": 0,
  "eur_rate": 0.86350745
}