{
  "last_scan": "2026-04-13T03:47:01.218643",
  "total_scanned": 0,
  "top_signals": [],
  "extreme_count": 0,
  "eur_rate": 0.85270392
}