{
  "last_scan": "2026-06-02T22:53:20.465364",
  "total_scanned": 0,
  "top_signals": [],
  "extreme_count": 0,
  "eur_rate": 0.85856963
}