{
  "last_scan": "2026-06-17T21:37:00.456875",
  "total_scanned": 0,
  "top_signals": [],
  "extreme_count": 0,
  "eur_rate": 0.86117747
}