{
  "last_scan": "2026-06-08T13:30:26.508675",
  "total_scanned": 0,
  "top_signals": [],
  "extreme_count": 0,
  "eur_rate": 0.86786441
}