{
  "last_scan": "2026-05-24T21:25:48.226326",
  "total_scanned": 0,
  "top_signals": [],
  "extreme_count": 0,
  "eur_rate": 0.86186618
}