{
  "last_scan": "2026-04-17T03:27:00.534882",
  "total_scanned": 0,
  "top_signals": [],
  "extreme_count": 0,
  "eur_rate": 0.84634017
}