{
  "last_scan": "2026-06-07T06:54:44.289138",
  "total_scanned": 0,
  "top_signals": [],
  "extreme_count": 0,
  "eur_rate": 0.86794467
}