{
  "last_scan": "2026-06-11T23:03:23.105140",
  "total_scanned": 0,
  "top_signals": [],
  "extreme_count": 0,
  "eur_rate": 0.86592151
}