{
  "last_scan": "2026-05-23T07:20:47.185115",
  "total_scanned": 0,
  "top_signals": [],
  "extreme_count": 0,
  "eur_rate": 0.861015
}