{
  "last_scan": "2026-06-04T16:09:13.735050",
  "total_scanned": 0,
  "top_signals": [],
  "extreme_count": 0,
  "eur_rate": 0.860165
}