{
  "last_scan": "2026-05-21T04:49:03.013618",
  "total_scanned": 0,
  "top_signals": [],
  "extreme_count": 0,
  "eur_rate": 0.86161096
}