{
  "last_scan": "2026-04-15T04:32:00.821239",
  "total_scanned": 0,
  "top_signals": [],
  "extreme_count": 0,
  "eur_rate": 0.85020205
}