{
  "last_scan": "2026-05-19T19:13:23.418758",
  "total_scanned": 0,
  "top_signals": [],
  "extreme_count": 0,
  "eur_rate": 0.86061038
}