{
  "last_scan": "2026-05-30T01:21:22.113586",
  "total_scanned": 0,
  "top_signals": [],
  "extreme_count": 0,
  "eur_rate": 0.85917702
}