{
  "last_scan": "2026-06-01T21:22:31.627154",
  "total_scanned": 0,
  "top_signals": [],
  "extreme_count": 0,
  "eur_rate": 0.85765611
}