{
  "last_scan": "2026-05-24T02:13:10.902803",
  "total_scanned": 0,
  "top_signals": [],
  "extreme_count": 0,
  "eur_rate": 0.86186618
}