{
  "last_scan": "2026-05-24T06:10:57.902080",
  "total_scanned": 0,
  "top_signals": [],
  "extreme_count": 0,
  "eur_rate": 0.86186618
}