{
  "last_scan": "2026-05-28T17:06:16.222424",
  "total_scanned": 0,
  "top_signals": [],
  "extreme_count": 0,
  "eur_rate": 0.8628635
}