{
  "last_scan": "2026-05-24T22:20:24.491816",
  "total_scanned": 0,
  "top_signals": [],
  "extreme_count": 0,
  "eur_rate": 0.86186618
}