{
  "last_scan": "2026-05-12T22:56:14.273193",
  "total_scanned": 0,
  "top_signals": [],
  "extreme_count": 0,
  "eur_rate": 0.85048245
}