{
  "last_scan": "2026-05-11T23:24:02.580595",
  "total_scanned": 0,
  "top_signals": [],
  "extreme_count": 0,
  "eur_rate": 0.85056001
}