{
  "last_scan": "2026-06-13T23:03:27.416171",
  "total_scanned": 0,
  "top_signals": [],
  "extreme_count": 0,
  "eur_rate": 0.86453623
}