{
  "last_scan": "2026-05-20T16:44:04.642030",
  "total_scanned": 0,
  "top_signals": [],
  "extreme_count": 0,
  "eur_rate": 0.85901509
}