{
  "last_scan": "2026-06-09T22:52:29.389119",
  "total_scanned": 0,
  "top_signals": [],
  "extreme_count": 0,
  "eur_rate": 0.86713482
}