{
  "last_scan": "2026-06-06T11:56:37.896515",
  "total_scanned": 0,
  "top_signals": [],
  "extreme_count": 0,
  "eur_rate": 0.86096071
}