{
  "last_scan": "2026-06-02T17:13:40.461397",
  "total_scanned": 0,
  "top_signals": [],
  "extreme_count": 0,
  "eur_rate": 0.85932214
}