{
  "last_scan": "2026-05-11T05:32:54.087524",
  "total_scanned": 0,
  "top_signals": [],
  "extreme_count": 0,
  "eur_rate": 0.84804048
}