{
  "last_scan": "2026-05-13T23:28:53.963078",
  "total_scanned": 0,
  "top_signals": [],
  "extreme_count": 0,
  "eur_rate": 0.85207835
}