{
  "last_scan": "2026-06-17T21:02:56.072799",
  "total_scanned": 0,
  "top_signals": [],
  "extreme_count": 0,
  "eur_rate": 0.86350745
}