{
  "last_scan": "2026-06-17T22:31:26.304892",
  "total_scanned": 0,
  "top_signals": [],
  "extreme_count": 0,
  "eur_rate": 0.86117747
}