{
  "last_scan": "2026-05-13T22:29:40.442332",
  "total_scanned": 0,
  "top_signals": [],
  "extreme_count": 0,
  "eur_rate": 0.85207835
}