{
  "last_scan": "2026-05-27T14:24:22.000030",
  "total_scanned": 0,
  "top_signals": [],
  "extreme_count": 0,
  "eur_rate": 0.85952338
}