{
  "last_scan": "2026-06-17T07:43:58.400529",
  "total_scanned": 0,
  "top_signals": [],
  "extreme_count": 0,
  "eur_rate": 0.86350745
}