{
  "last_scan": "2026-04-18T08:32:07.422443",
  "total_scanned": 0,
  "top_signals": [],
  "extreme_count": 0,
  "eur_rate": 0.84918046
}