{
  "last_scan": "2026-05-19T14:57:34.015577",
  "total_scanned": 0,
  "top_signals": [],
  "extreme_count": 0,
  "eur_rate": 0.86061038
}