{
  "last_scan": "2026-04-13T09:42:01.045522",
  "total_scanned": 0,
  "top_signals": [],
  "extreme_count": 0,
  "eur_rate": 0.85270392
}