{
  "last_scan": "2026-05-15T11:09:31.993140",
  "total_scanned": 0,
  "top_signals": [],
  "extreme_count": 0,
  "eur_rate": 0.85366256
}