{
  "last_scan": "2026-04-06T13:40:12.091824",
  "total_scanned": 0,
  "top_signals": [],
  "extreme_count": 0,
  "eur_rate": 0.86808405
}