{
  "last_scan": "2026-06-05T07:30:49.433313",
  "total_scanned": 0,
  "top_signals": [],
  "extreme_count": 0,
  "eur_rate": 0.86128188
}