{
  "last_scan": "2026-05-12T12:54:13.880938",
  "total_scanned": 0,
  "top_signals": [],
  "extreme_count": 0,
  "eur_rate": 0.85056001
}