{
  "last_scan": "2026-05-17T03:15:40.521640",
  "total_scanned": 0,
  "top_signals": [],
  "extreme_count": 0,
  "eur_rate": 0.86023046
}