{
  "last_scan": "2026-05-28T21:26:28.681477",
  "total_scanned": 0,
  "top_signals": [],
  "extreme_count": 0,
  "eur_rate": 0.8628635
}