{
  "last_scan": "2026-04-10T06:26:30.847789",
  "total_scanned": 0,
  "top_signals": [],
  "extreme_count": 0,
  "eur_rate": 0.85751968
}