{
  "last_scan": "2026-04-09T11:36:32.553233",
  "total_scanned": 0,
  "top_signals": [],
  "extreme_count": 0,
  "eur_rate": 0.85751968
}