{
  "last_scan": "2026-04-14T16:12:03.560924",
  "total_scanned": 0,
  "top_signals": [],
  "extreme_count": 0,
  "eur_rate": 0.85020205
}