{
  "last_scan": "2026-05-19T05:30:50.893868",
  "total_scanned": 0,
  "top_signals": [],
  "extreme_count": 0,
  "eur_rate": 0.86061038
}