{
  "last_scan": "2026-06-02T21:18:06.789107",
  "total_scanned": 0,
  "top_signals": [],
  "extreme_count": 0,
  "eur_rate": 0.85856963
}