{
  "last_scan": "2026-06-07T19:31:52.046568",
  "total_scanned": 0,
  "top_signals": [],
  "extreme_count": 0,
  "eur_rate": 0.86786441
}