{
  "last_scan": "2026-05-10T17:16:16.483158",
  "total_scanned": 0,
  "top_signals": [],
  "extreme_count": 0,
  "eur_rate": 0.84804048
}