{
  "last_scan": "2026-05-21T06:51:28.672237",
  "total_scanned": 0,
  "top_signals": [],
  "extreme_count": 0,
  "eur_rate": 0.86161096
}