{
  "last_scan": "2026-06-13T03:25:07.586158",
  "total_scanned": 0,
  "top_signals": [],
  "extreme_count": 0,
  "eur_rate": 0.8640827
}