{
  "last_scan": "2026-05-27T08:26:26.375751",
  "total_scanned": 0,
  "top_signals": [],
  "extreme_count": 0,
  "eur_rate": 0.85952338
}