{
  "last_scan": "2026-04-11T11:11:33.174734",
  "total_scanned": 0,
  "top_signals": [],
  "extreme_count": 0,
  "eur_rate": 0.85535004
}