{
  "last_scan": "2026-04-10T18:36:36.955357",
  "total_scanned": 0,
  "top_signals": [],
  "extreme_count": 0,
  "eur_rate": 0.85535004
}