{
  "last_scan": "2026-06-03T18:58:20.192318",
  "total_scanned": 0,
  "top_signals": [],
  "extreme_count": 0,
  "eur_rate": 0.85932214
}