{
  "last_scan": "2026-05-10T22:21:50.955206",
  "total_scanned": 0,
  "top_signals": [],
  "extreme_count": 0,
  "eur_rate": 0.84804048
}