{
  "last_scan": "2026-05-18T01:11:51.473391",
  "total_scanned": 0,
  "top_signals": [],
  "extreme_count": 0,
  "eur_rate": 0.86021924
}