{
  "last_scan": "2026-05-21T18:30:02.572294",
  "total_scanned": 0,
  "top_signals": [],
  "extreme_count": 0,
  "eur_rate": 0.86054655
}