{
  "last_scan": "2026-05-24T05:23:26.231285",
  "total_scanned": 0,
  "top_signals": [],
  "extreme_count": 0,
  "eur_rate": 0.86186618
}