{
  "last_scan": "2026-06-18T12:05:08.369245",
  "total_scanned": 0,
  "top_signals": [],
  "extreme_count": 0,
  "eur_rate": 0.86117747
}