{
  "last_scan": "2026-05-11T05:38:22.784449",
  "total_scanned": 0,
  "top_signals": [],
  "extreme_count": 0,
  "eur_rate": 0.84804048
}