{
  "last_scan": "2026-04-09T09:51:30.015500",
  "total_scanned": 0,
  "top_signals": [],
  "extreme_count": 0,
  "eur_rate": 0.85751968
}